FAXPHONECOUNTRY,TAXID,NAMEDENORM,UPDATETIME,ID,ADJUDICATORLICENSE,LAWFIRMSPECIALTY,LASTNAMEDENORM,LASTNAME,CREATEUSERID,BEANVERSION,VENUETYPE,AUTOTOWINGLICENSE,UPDATEUSERID,HOMEPHONEEXTENSION,SPECIALTYTYPE,FIRSTNAME,W9VALIDFROM,PUBLICID,OCCUPATION,CELLPHONE,PRIMARYADDRESSID,SUFFIX,ADDRESSBOOKUID,EMAILADDRESS1,EMAILADDRESS2,PRIMARYLANGUAGE,NUMDEPENDENTS,TAXSTATUS,ARCHIVEPARTITION,NAMEKANJI,FAXPHONE,CELLPHONEEXTENSION,EMPLOYEENUMBER,SUBTYPE,FORMERNAME,LOADCOMMANDID,PREFERRED,OBFUSCATEDINTERNAL,VENDORTYPE,W9RECEIVED,PARTICLE,EMPLOYEESECURITYID,NAME,MEDICALLICENSE,VENDORNUMBER,DONOTDESTROY,PREFERREDCURRENCY,SCORE,PREFIX,SSNRELEASEAUTHORIZED,W9VALIDTO,TAXFILINGSTATUS,LASTNAMEKANJI,GREENCARDNUMBER,WITHHOLDINGRATE,MIDDLENAME,ATTORNEYLICENSE,RETIRED,JURISDICTIONASSIGNEDID,TAXEXEMPTIONSENTITLED,VALIDATIONLEVEL,MEDICALORGSPECIALTY,PRIMARYPHONE,W9RECEIVEDDATE,FIRSTNAMEDENORM,ADJUDICATIVEDOMAIN,POLICYSYSTEMID,FIRSTNAMEKANJI,DOCTORSPECIALTY,CLAIMANTIDTYPE,NOTES,GENDER,NUMDEPENDENTSU18,AUTOREPAIRLICENSE,HOMEPHONECOUNTRY,CREATETIME,AUTOSYNC,CELLPHONECOUNTRY,LICENSENUMBER,VISANUMBER,PENDINGLINKMESSAGE,LOADRELATEDCONTACTS,DATEOFBIRTH,PASSPORTNUMBER,PRIMARYLOCALE,EDUCATIONLEVEL,NUMDEPENDENTSU25,ATTORNEYSPECIALTY,WORKPHONEEXTENSION,MARITALSTATUS,ORGANIZATIONTYPE,FAXPHONEEXTENSION,HOMEPHONE,LICENSESTATE,WORKPHONECOUNTRY,WORKPHONE
,5053034-7227-4303505,hardhat construction,2018-09-28 11:59:34.351,130,,,,,3.0,0,,,3.0,,,,,demo_acct:40024,,,,,ab:40024,0000@guidewire.com,0000@hotmail.com,,,2,,,,,,2,,,0,0,,0,,,Hardhat Construction,,,0,,,,,,,,,,,,0,,,1.0,,1.0,,,,,,,,,,,,,2018-09-28 11:59:34.351,1.0,,,,0,0,,,,,,,,,,,,,,
,7377966-7997-6697737,capital investment inc,2018-09-28 11:59:34.351,131,,,,,3.0,0,,,3.0,,,,,ab:40025,,,14.0,,,0000@guidewire.com,0000@hotmail.com,,,2,,,,,,2,,,0,0,,0,,,Capital Investment Inc,,,0,,,,,,,,,,,,0,,,1.0,,1.0,,,,,,,,,,,,,2018-09-28 11:59:34.351,1.0,,,,0,0,,,,,,,,,,,,,,8472793400
,7377966-7997-6697737,capital investment inc,2018-09-28 11:59:34.351,132,,,,,3.0,0,,,3.0,,,,,demo_acct:40025,,,,,ab:40025,0000@guidewire.com,0000@hotmail.com,,,2,,,,,,2,,,0,0,,0,,,Capital Investment Inc,,,0,,,,,,,,,,,,0,,,1.0,,1.0,,,,,,,,,,,,,2018-09-28 11:59:34.351,1.0,,,,0,0,,,,,,,,,,,,,,
,,citi mortgage,2018-09-28 11:59:54.298,134,,,,,3.0,0,,,3.0,,,,,cc:134,,,18.0,,,0000@guidewire.com,0000@hotmail.com,,,2,,,,,,2,,,0,0,,0,,,Citi Mortgage,,,0,,,,,,,,,,,,0,,,,,1.0,,,,,,,,,,,,,2018-09-28 11:59:54.298,1.0,,,,0,0,,,,,,,,,,,,,,3092349876
,,gmac,2018-09-28 11:59:54.298,136,,,,,3.0,0,,,3.0,,,,,cc:136,,,16.0,,,0000@guidewire.com,0000@hotmail.com,,,2,,,,,,2,,,0,0,,0,,,GMAC,,,0,,,,,,,,,,,,0,,,,,1.0,,,,,,,,,,,,,2018-09-28 11:59:54.298,1.0,,,,0,0,,,,,,,,,,,,,,3092349876
,,,2018-09-28 12:01:04.032,133,,,darion,Darion,3.0,1,,,3.0,,,Ken,,cc:133,,6503333333,15.0,,,0000@guidewire.com,0000@hotmail.com,,,2,,,,,,1,,,0,0,,0,,,,,,0,,,,,,,,,,,,0,,,1.0,,1.0,,ken,,,,,10005.0,,,,,,2018-09-28 11:59:54.298,1.0,235.0,,,0,0,,,,,,,,,,,,,,6264739576
,,,2018-09-28 12:01:04.032,135,,,egertson,Egertson,3.0,1,,,3.0,,,Karen,,cc:135,,6503333333,17.0,,,0000@guidewire.com,0000@hotmail.com,,,2,,,,,,1,,,0,0,,0,,,,,,0,,,,,,,,,,,,0,,,1.0,,1.0,,karen,,,,,10005.0,,,,,,2018-09-28 11:59:54.298,1.0,235.0,,,0,0,,,,,,,,,,,,,,2134576378
,,,2018-09-28 12:02:29.892,139,,,applegate,Applegate,3.0,0,,,3.0,,,Andy,,demo_sample:5001,,6503333333,21.0,,,aapplegate@acmeins.com,0003@hotmail.com,,,2,,,,,1000001,13,,,0,0,10001.0,0,,,,,,0,,,,,,,,,,,,0,,,1.0,,1.0,,andy,,,,,,,,,,,2018-09-28 12:02:29.892,1.0,235.0,,,0,0,,,,,,,,,,,,,,2135558164
,,,2018-09-28 12:02:29.892,140,,,smith,Smith,3.0,0,,,3.0,,,Sue,,demo_sample:5002,,6503333333,22.0,,,ssmith@acmeins.com,0005@hotmail.com,,,2,,,,,1000002,13,,,0,0,10001.0,0,,,,,,0,,,,,,,,,,,,0,,,1.0,,1.0,,sue,,,,,,,,,,,2018-09-28 12:02:29.892,1.0,235.0,,,0,0,,,,,,,,,,,,,,2135558164
,,,2018-09-28 12:02:29.892,141,,,maples,Maples,3.0,0,,,3.0,,,Mike,,demo_sample:5003,,6503333333,23.0,,,mmaples@acmeins.com,0007@hotmail.com,,,2,,,,,1000003,13,,,0,0,10001.0,0,,,,,,0,,,,,,,,,,,,0,,,1.0,,1.0,,mike,,,,,,,,,,,2018-09-28 12:02:29.892,1.0,235.0,,,0,0,,,,,,,,,,,,,,2135558164
,,,2018-09-28 12:02:29.892,142,,,lee,Lee,3.0,0,,,3.0,,,Elizabeth,,demo_sample:5004,,6503333333,24.0,,,elee@acmeins.com,0009@hotmail.com,,,2,,,,,1000004,13,,,0,0,10001.0,0,,,,,,0,,,,,,,,,,,,0,,,1.0,,1.0,,elizabeth,,,,,,,,,,,2018-09-28 12:02:29.892,1.0,235.0,,,0,0,,,,,,,,,,,,,,2135558164
,,,2018-09-28 12:02:29.892,143,,,clark,Clark,3.0,0,,,3.0,,,Cathy,,demo_sample:5005,,6503333333,25.0,,,cclark@acmeins.com,0011@hotmail.com,,,2,,,,,1000005,13,,,0,0,10001.0,0,,,,,,0,,,,,,,,,,,,0,,,1.0,,1.0,,cathy,,,,,,,,,,,2018-09-28 12:02:29.892,1.0,235.0,,,0,0,,,,,,,,,,,,,,2135558164
,,,2018-09-28 12:02:29.892,144,,,admin,Admin,3.0,0,,,3.0,,,System,,demo_sample:5006,,6503333333,26.0,,,admin@acmeins.com,0013@hotmail.com,,,2,,,,,1000006,13,,,0,0,10001.0,0,,,,,,0,,,,,,,,,,,,0,,,1.0,,1.0,,system,,,,,,,,,,,2018-09-28 12:02:29.892,1.0,235.0,,,0,0,,,,,,,,,,,,,,2135558164
,,,2018-09-28 12:02:29.892,145,,,visor,Visor,3.0,0,,,3.0,,,Super,,demo_sample:5007,,6503333333,27.0,,,svisor@acmeins.com,0015@hotmail.com,,,2,,,,,1000007,13,,,0,0,10001.0,0,,,,,,0,,,,,,,,,,,,0,,,1.0,,1.0,,super,,,,,,,,,,,2018-09-28 12:02:29.892,1.0,235.0,,,0,0,,,,,,,,,,,,,,2135558164
,,,2018-09-28 12:02:29.892,146,,,baker,Baker,3.0,0,,,3.0,,,Betty,,demo_sample:5008,,6503333333,28.0,,,bbaker@acmeins.com,0017@hotmail.com,,,2,,,,,1000008,13,,,0,0,10001.0,0,,,,,,0,,,,,,,,,,,,0,,,1.0,,1.0,,betty,,,,,,,,,,,2018-09-28 12:02:29.892,1.0,235.0,,,0,0,,,,,,,,,,,,,,2135558164
,,,2018-09-28 12:02:29.892,147,,,craft,Craft,3.0,0,,,3.0,,,Chris,,demo_sample:5009,,6503333333,29.0,,,ccraft@acmeins.com,0019@hotmail.com,,,2,,,,,1000009,13,,,0,0,10001.0,0,,,,,,0,,,,,,,,,,,,0,,,1.0,,1.0,,chris,,,,,,,,,,,2018-09-28 12:02:29.892,1.0,235.0,,,0,0,,,,,,,,,,,,,,2135558164
,,,2018-09-28 12:02:29.892,148,,,henson,Henson,3.0,0,,,3.0,,,Dan,,demo_sample:5010,,6503333333,30.0,,,dhenson@acmeins.com,0021@hotmail.com,,,2,,,,,1000010,13,,,0,0,10001.0,0,,,,,,0,,,,,,,,,,,,0,,,1.0,,1.0,,dan,,,,,,,,,,,2018-09-28 12:02:29.892,1.0,235.0,,,0,0,,,,,,,,,,,,,,2135558164
,,,2018-09-28 12:02:29.892,149,,,nyugen,Nyugen,3.0,0,,,3.0,,,Eugene,,demo_sample:5011,,6503333333,31.0,,,enyugen@acmeins.com,0023@hotmail.com,,,2,,,,,1000011,13,,,0,0,10001.0,0,,,,,,0,,,,,,,,,,,,0,,,1.0,,1.0,,eugene,,,,,,,,,,,2018-09-28 12:02:29.892,1.0,235.0,,,0,0,,,,,,,,,,,,,,2135558164
,,,2018-09-28 12:02:29.892,150,,,wagner,Wagner,3.0,0,,,3.0,,,Felicity,,demo_sample:5012,,6503333333,32.0,,,fwagner@acmeins.com,0025@hotmail.com,,,2,,,,,1000012,13,,,0,0,10001.0,0,,,,,,0,,,,,,,,,,,,0,,,1.0,,1.0,,felicity,,,,,,,,,,,2018-09-28 12:02:29.892,1.0,235.0,,,0,0,,,,,,,,,,,,,,2135558164
,,,2018-09-28 12:02:29.892,151,,,wang,Wang,3.0,0,,,3.0,,,Gary,,demo_sample:5013,,6503333333,33.0,,,gwang@acmeins.com,0027@hotmail.com,,,2,,,,,1000013,13,,,0,0,10001.0,0,,,,,,0,,,,,,,,,,,,0,,,1.0,,1.0,,gary,,,,,,,,,,,2018-09-28 12:02:29.892,1.0,235.0,,,0,0,,,,,,,,,,,,,,2135558164
,,,2018-09-28 12:02:29.892,152,,,johnson,Johnson,3.0,0,,,3.0,,,Heidi,,demo_sample:5014,,6503333333,34.0,,,hjohnson@acmeins.com,0029@hotmail.com,,,2,,,,,1000014,13,,,0,0,10001.0,0,,,,,,0,,,,,,,,,,,,0,,,1.0,,1.0,,heidi,,,,,,,,,,,2018-09-28 12:02:29.892,1.0,235.0,,,0,0,,,,,,,,,,,,,,2135558164
,,,2018-09-28 12:02:29.892,153,,,work,Work,3.0,0,,,3.0,,,John,,demo_sample:5015,,6503333333,35.0,,,jwork@acmeins.com,0031@hotmail.com,,,2,,,,,1000015,13,,,0,0,10001.0,0,,,,,,0,,,,,,,,,,,,0,,,1.0,,1.0,,john,,,,,,,,,,,2018-09-28 12:02:29.892,1.0,235.0,,,0,0,,,,,,,,,,,,,,2135558164
,,,2018-09-28 12:02:29.892,154,,,raftly,Raftly,3.0,0,,,3.0,,,Kim,,demo_sample:5016,,6503333333,36.0,,,kraftly@acmeins.com,0033@hotmail.com,,,2,,,,,1000016,13,,,0,0,10001.0,0,,,,,,0,,,,,,,,,,,,0,,,1.0,,1.0,,kim,,,,,,,,,,,2018-09-28 12:02:29.892,1.0,235.0,,,0,0,,,,,,,,,,,,,,2135558164
,,,2018-09-28 12:02:29.892,155,,,donahue,Donahue,3.0,0,,,3.0,,,Lisa,,demo_sample:5017,,6503333333,37.0,,,ldonahue@acmeins.com,0035@hotmail.com,,,2,,,,,1000017,13,,,0,0,10001.0,0,,,,,,0,,,,,,,,,,,,0,,,1.0,,1.0,,lisa,,,,,,,,,,,2018-09-28 12:02:29.892,1.0,235.0,,,0,0,,,,,,,,,,,,,,2135558164
,,,2018-09-28 12:02:29.892,156,,,shaw,Shaw,3.0,0,,,3.0,,,Mike,,demo_sample:5018,,6503333333,38.0,,,mikeshaw@acmeins.com,0037@hotmail.com,,,2,,,,,1000018,13,,,0,0,10001.0,0,,,,,,0,,,,,,,,,,,,0,,,1.0,,1.0,,mike,,,,,,,,,,,2018-09-28 12:02:29.892,1.0,235.0,,,0,0,,,,,,,,,,,,,,2135558164
,,,2018-09-28 12:02:29.892,157,,,drew,Drew,3.0,0,,,3.0,,,Nancy,,demo_sample:5019,,6503333333,39.0,,,ndrew@acmeins.com,0039@hotmail.com,,,2,,,,,1000019,13,,,0,0,10001.0,0,,,,,,0,,,,,,,,,,,,0,,,1.0,,1.0,,nancy,,,,,,,,,,,2018-09-28 12:02:29.892,1.0,235.0,,,0,0,,,,,,,,,,,,,,2135558164
,,,2018-09-28 12:02:29.892,158,,,young,Young,3.0,0,,,3.0,,,Oliver,,demo_sample:5020,,6503333333,40.0,,,oyoung@acmeins.com,0041@hotmail.com,,,2,,,,,1000020,13,,,0,0,10001.0,0,,,,,,0,,,,,,,,,,,,0,,,1.0,,1.0,,oliver,,,,,,,,,,,2018-09-28 12:02:29.892,1.0,235.0,,,0,0,,,,,,,,,,,,,,2135558164
,,,2018-09-28 12:02:29.892,159,,,grimes,Grimes,3.0,0,,,3.0,,,Peter,,demo_sample:5021,,6503333333,41.0,,,pgrimes@acmeins.com,0043@hotmail.com,,,2,,,,,1000021,13,,,0,0,10001.0,0,,,,,,0,,,,,,,,,,,,0,,,1.0,,1.0,,peter,,,,,,,,,,,2018-09-28 12:02:29.892,1.0,235.0,,,0,0,,,,,,,,,,,,,,2135558164
,,,2018-09-28 12:02:29.892,160,,,west,West,3.0,0,,,3.0,,,Ron,,demo_sample:5022,,6503333333,42.0,,,rwest@acmeins.com,0045@hotmail.com,,,2,,,,,1000022,13,,,0,0,10001.0,0,,,,,,0,,,,,,,,,,,,0,,,1.0,,1.0,,ron,,,,,,,,,,,2018-09-28 12:02:29.892,1.0,235.0,,,0,0,,,,,,,,,,,,,,2135558164
,,,2018-09-28 12:02:29.892,161,,,farley,Farley,3.0,0,,,3.0,,,Sam,,demo_sample:5023,,6503333333,43.0,,,sfarley@acmeins.com,0047@hotmail.com,,,2,,,,,1000023,13,,,0,0,10001.0,0,,,,,,0,,,,,,,,,,,,0,,,1.0,,1.0,,sam,,,,,,,,,,,2018-09-28 12:02:29.892,1.0,235.0,,,0,0,,,,,,,,,,,,,,2135558164
,,,2018-09-28 12:02:29.892,162,,,allen,Allen,3.0,0,,,3.0,,,Tim,,demo_sample:5024,,6503333333,44.0,,,tallen@acmeins.com,0049@hotmail.com,,,2,,,,,1000024,13,,,0,0,10001.0,0,,,,,,0,,,,,,,,,,,,0,,,1.0,,1.0,,tim,,,,,,,,,,,2018-09-28 12:02:29.892,1.0,235.0,,,0,0,,,,,,,,,,,,,,2135558164
,,,2018-09-28 12:02:29.892,163,,,mann,Mann,3.0,0,,,3.0,,,Will,,demo_sample:5025,,6503333333,45.0,,,wmann@acmeins.com,0051@hotmail.com,,,2,,,,,1000025,13,,,0,0,10001.0,0,,,,,,0,,,,,,,,,,,,0,,,1.0,,1.0,,will,,,,,,,,,,,2018-09-28 12:02:29.892,1.0,235.0,,,0,0,,,,,,,,,,,,,,2135558164
,,,2018-09-28 12:02:29.892,164,,,levin,Levin,3.0,0,,,3.0,,,Art,,demo_sample:5026,,6503333333,46.0,,,alevin@acmeins.com,0053@hotmail.com,,,2,,,,,1000026,13,,,0,0,10001.0,0,,,,,,0,,,,,,,,,,,,0,,,1.0,,1.0,,art,,,,,,,,,,,2018-09-28 12:02:29.892,1.0,235.0,,,0,0,,,,,,,,,,,,,,2135558164
,,,2018-09-28 12:02:29.892,165,,,hunter,Hunter,3.0,0,,,3.0,,,Bob,,demo_sample:5027,,6503333333,47.0,,,bhunter@acmeins.com,0055@hotmail.com,,,2,,,,,1000027,13,,,0,0,10001.0,0,,,,,,0,,,,,,,,,,,,0,,,1.0,,1.0,,bob,,,,,,,,,,,2018-09-28 12:02:29.892,1.0,235.0,,,0,0,,,,,,,,,,,,,,2135558164
,,,2018-09-28 12:02:29.892,166,,,tersley,Tersley,3.0,0,,,3.0,,,Carl,,demo_sample:5028,,6503333333,48.0,,,ctersley@acmeins.com,0057@hotmail.com,,,2,,,,,1000028,13,,,0,0,10001.0,0,,,,,,0,,,,,,,,,,,,0,,,1.0,,1.0,,carl,,,,,,,,,,,2018-09-28 12:02:29.892,1.0,235.0,,,0,0,,,,,,,,,,,,,,2135558164
,,,2018-09-28 12:02:29.892,167,,,evans,Evans,3.0,0,,,3.0,,,Dana,,demo_sample:5029,,6503333333,49.0,,,devans@acmeins.com,0059@hotmail.com,,,2,,,,,1000029,13,,,0,0,10001.0,0,,,,,,0,,,,,,,,,,,,0,,,1.0,,1.0,,dana,,,,,,,,,,,2018-09-28 12:02:29.892,1.0,235.0,,,0,0,,,,,,,,,,,,,,2135558164
,,,2018-09-28 12:02:29.892,168,,,myers,Myers,3.0,0,,,3.0,,,Dee Dee,,demo_sample:5030,,6503333333,50.0,,,dmyers@acmeins.com,0061@hotmail.com,,,2,,,,,1000030,13,,,0,0,10001.0,0,,,,,,0,,,,,,,,,,,,0,,,1.0,,1.0,,dee dee,,,,,,,,,,,2018-09-28 12:02:29.892,1.0,235.0,,,0,0,,,,,,,,,,,,,,2135558164
,,,2018-09-28 12:02:29.892,169,,,rogers,Rogers,3.0,0,,,3.0,,,Eric,,demo_sample:5031,,6503333333,51.0,,,erogers@acmeins.com,0063@hotmail.com,,,2,,,,,1000031,13,,,0,0,10001.0,0,,,,,,0,,,,,,,,,,,,0,,,1.0,,1.0,,eric,,,,,,,,,,,2018-09-28 12:02:29.892,1.0,235.0,,,0,0,,,,,,,,,,,,,,2135558164
,,,2018-09-28 12:02:29.892,170,,,ford,Ford,3.0,0,,,3.0,,,Francis,,demo_sample:5032,,6503333333,52.0,,,fford@acmeins.com,0065@hotmail.com,,,2,,,,,1000032,13,,,0,0,10001.0,0,,,,,,0,,,,,,,,,,,,0,,,1.0,,1.0,,francis,,,,,,,,,,,2018-09-28 12:02:29.892,1.0,235.0,,,0,0,,,,,,,,,,,,,,2135558164
,,,2018-09-28 12:02:29.892,171,,,earnhart,Earnhart,3.0,0,,,3.0,,,Gail,,demo_sample:5033,,6503333333,53.0,,,gearnhart@acmeins.com,0067@hotmail.com,,,2,,,,,1000033,13,,,0,0,10001.0,0,,,,,,0,,,,,,,,,,,,0,,,1.0,,1.0,,gail,,,,,,,,,,,2018-09-28 12:02:29.892,1.0,235.0,,,0,0,,,,,,,,,,,,,,2135558164
,,,2018-09-28 12:02:29.892,172,,,lee,Lee,3.0,0,,,3.0,,,Albert,,demo_sample:5034,,6503333333,54.0,,,alee@acmeins.com,0069@hotmail.com,,,2,,,,,1000034,13,,,0,0,10001.0,0,,,,,,0,,,,,,,,,,,,0,,,1.0,,1.0,,albert,,,,,,,,,,,2018-09-28 12:02:29.892,1.0,235.0,,,0,0,,,,,,,,,,,,,,2135558164
,,,2018-09-28 12:02:29.892,173,,,munoz,Munoz,3.0,0,,,3.0,,,Alison,,demo_sample:5035,,6503333333,55.0,,,amunoz@acmeins.com,0071@hotmail.com,,,2,,,,,1000035,13,,,0,0,10001.0,0,,,,,,0,,,,,,,,,,,,0,,,1.0,,1.0,,alison,,,,,,,,,,,2018-09-28 12:02:29.892,1.0,235.0,,,0,0,,,,,,,,,,,,,,2135558164
,,,2018-09-28 12:02:29.892,174,,,hendricks,Hendricks,3.0,0,,,3.0,,,Jim,,demo_sample:5036,,6503333333,56.0,,,jhendricks@acmeins.com,0073@hotmail.com,,,2,,,,,1000036,13,,,0,0,10001.0,0,,,,,,0,,,,,,,,,,,,0,,,1.0,,1.0,,jim,,,,,,,,,,,2018-09-28 12:02:29.892,1.0,235.0,,,0,0,,,,,,,,,,,,,,2135558164
,,,2018-09-28 12:02:29.892,175,,,cumberland,Cumberland,3.0,0,,,3.0,,,Jason,,demo_sample:5037,,6503333333,57.0,,,jcumberland@acmeins.com,0075@hotmail.com,,,2,,,,,1000037,13,,,0,0,10001.0,0,,,,,,0,,,,,,,,,,,,0,,,1.0,,1.0,,jason,,,,,,,,,,,2018-09-28 12:02:29.892,1.0,235.0,,,0,0,,,,,,,,,,,,,,2135558164
,,,2018-09-28 12:02:29.892,176,,,roberts,Roberts,3.0,0,,,3.0,,,Janice,,demo_sample:5038,,6503333333,58.0,,,jroberts@acmeins.com,0077@hotmail.com,,,2,,,,,1000038,13,,,0,0,10001.0,0,,,,,,0,,,,,,,,,,,,0,,,1.0,,1.0,,janice,,,,,,,,,,,2018-09-28 12:02:29.892,1.0,235.0,,,0,0,,,,,,,,,,,,,,2135558164
,,,2018-09-28 12:02:29.892,177,,,levitt,Levitt,3.0,0,,,3.0,,,Carla,,demo_sample:5039,,6503333333,59.0,,,clevitt@acmeins.com,0079@hotmail.com,,,2,,,,,1000039,13,,,0,0,10001.0,0,,,,,,0,,,,,,,,,,,,0,,,1.0,,1.0,,carla,,,,,,,,,,,2018-09-28 12:02:29.892,1.0,235.0,,,0,0,,,,,,,,,,,,,,2135558164
,,,2018-09-28 12:02:29.892,178,,,bain,Bain,3.0,0,,,3.0,,,Stacey,,demo_sample:5040,,6503333333,60.0,,,sbain@acmeins.com,0081@hotmail.com,,,2,,,,,1000040,13,,,0,0,10001.0,0,,,,,,0,,,,,,,,,,,,0,,,1.0,,1.0,,stacey,,,,,,,,,,,2018-09-28 12:02:29.892,1.0,235.0,,,0,0,,,,,,,,,,,,,,2135558164
,,,2018-09-28 12:02:29.892,179,,,mcdermott,McDermott,3.0,0,,,3.0,,,Terry,,demo_sample:5041,,6503333333,61.0,,,tmcdermott@acmeins.com,0083@hotmail.com,,,2,,,,,1000041,13,,,0,0,10001.0,0,,,,,,0,,,,,,,,,,,,0,,,1.0,,1.0,,terry,,,,,,,,,,,2018-09-28 12:02:29.892,1.0,235.0,,,0,0,,,,,,,,,,,,,,2135558164
,,,2018-09-28 12:02:29.892,180,,,beaumont,Beaumont,3.0,0,,,3.0,,,Claudia,,demo_sample:5042,,6503333333,62.0,,,cbeaumont@acmeins.com,0085@hotmail.com,,,2,,,,,1000042,13,,,0,0,10001.0,0,,,,,,0,,,,,,,,,,,,0,,,1.0,,1.0,,claudia,,,,,,,,,,,2018-09-28 12:02:29.892,1.0,235.0,,,0,0,,,,,,,,,,,,,,2135558164
,,,2018-09-28 12:02:29.892,181,,,davis,Davis,3.0,0,,,3.0,,,Ray,,demo_sample:5043,,6503333333,63.0,,,rdavis@acmeins.com,0087@hotmail.com,,,2,,,,,1000043,13,,,0,0,10001.0,0,,,,,,0,,,,,,,,,,,,0,,,1.0,,1.0,,ray,,,,,,,,,,,2018-09-28 12:02:29.892,1.0,235.0,,,0,0,,,,,,,,,,,,,,2135558164
,,,2018-09-28 12:02:29.892,182,,,brown,Brown,3.0,0,,,3.0,,,Karen,,demo_sample:5044,,6503333333,64.0,,,kbrown@acmeins.com,0089@hotmail.com,,,2,,,,,1000044,13,,,0,0,10001.0,0,,,,,,0,,,,,,,,,,,,0,,,1.0,,1.0,,karen,,,,,,,,,,,2018-09-28 12:02:29.892,1.0,235.0,,,0,0,,,,,,,,,,,,,,2135558164
,,,2018-09-28 12:02:29.892,183,,,quinn,Quinn,3.0,0,,,3.0,,,Laura,,demo_sample:5045,,6503333333,65.0,,,lquinn@acmeins.com,0091@hotmail.com,,,2,,,,,1000045,13,,,0,0,10001.0,0,,,,,,0,,,,,,,,,,,,0,,,1.0,,1.0,,laura,,,,,,,,,,,2018-09-28 12:02:29.892,1.0,235.0,,,0,0,,,,,,,,,,,,,,2135558164
,,,2018-09-28 12:02:29.892,184,,,pignano,Pignano,3.0,0,,,3.0,,,Vince,,demo_sample:5046,,6503333333,66.0,,,vpignano@acmeins.com,0093@hotmail.com,,,2,,,,,1000046,13,,,0,0,10001.0,0,,,,,,0,,,,,,,,,,,,0,,,1.0,,1.0,,vince,,,,,,,,,,,2018-09-28 12:02:29.892,1.0,235.0,,,0,0,,,,,,,,,,,,,,2135558164
,,,2018-09-28 12:02:29.892,185,,,baxter,Baxter,3.0,0,,,3.0,,,Amy,,demo_sample:5101,,6503333333,67.0,,,abaxter@acmeins.com,0095@hotmail.com,,,2,,,,,1000047,13,,,0,0,10001.0,0,,,,,,0,,,,,,,,,,,,0,,,1.0,,1.0,,amy,,,,,,,,,,,2018-09-28 12:02:29.892,1.0,235.0,,,0,0,,,,,,,,,,,,,,2135558164
,,,2018-09-28 12:02:29.892,186,,,calhoon,Calhoon,3.0,0,,,3.0,,,James,,demo_sample:5102,,6503333333,68.0,,,jcalhoon@acmeins.com,0097@hotmail.com,,,2,,,,,1000048,13,,,0,0,10001.0,0,,,,,,0,,,,,,,,,,,,0,,,1.0,,1.0,,james,,,,,,,,,,,2018-09-28 12:02:29.892,1.0,235.0,,,0,0,,,,,,,,,,,,,,2135558164
,,,2018-09-28 12:02:29.892,187,,,dederick,Dederick,3.0,0,,,3.0,,,Don,,demo_sample:5103,,6503333333,69.0,,,ddederick@acmeins.com,0099@hotmail.com,,,2,,,,,1000049,13,,,0,0,10001.0,0,,,,,,0,,,,,,,,,,,,0,,,1.0,,1.0,,don,,,,,,,,,,,2018-09-28 12:02:29.892,1.0,235.0,,,0,0,,,,,,,,,,,,,,2135558164
,,,2018-09-28 00:20:09.356,1,,,owner,Owner,,0,,,,,,Default,,systemTables:1,,,,,,,,,,2,,,,,,13,,,0,0,,0,,,,,,0,,,,,,,,,,,,0,,,,,,,default,,,,,,,,,,,2018-09-28 00:20:09.356,,,,,0,0,,,,,,,,,,,,,,
,,,2018-09-28 00:20:09.356,2,,,user,User,,0,,,,,,System,,systemTables:2,,,,,,,,,,2,,,,,,13,,,0,0,,0,,,,,,0,,,,,,,,,,,,0,,,,,,,system,,,,,,,,,,,2018-09-28 00:20:09.356,,,,,0,0,,,,,,,,,,,,,,
,,,2018-09-28 12:02:29.892,215,,,ickes,Ickes,3.0,0,,,3.0,,,Gerald,,demo_sample:5131,,6503333333,97.0,,,gickes@acmeins.com,0155@hotmail.com,,,2,,,,,1000077,13,,,0,0,10001.0,0,,,,,,0,,,,,,,,,,,,0,,,1.0,,1.0,,gerald,,,,,,,,,,,2018-09-28 12:02:29.892,1.0,235.0,,,0,0,,,,,,,,,,,,,,2135558164
,,,2018-09-28 12:02:29.892,216,,,james,James,3.0,0,,,3.0,,,Lana,,demo_sample:5132,,6503333333,98.0,,,ljames@acmeins.com,0157@hotmail.com,,,2,,,,,1000078,13,,,0,0,10001.0,0,,,,,,0,,,,,,,,,,,,0,,,1.0,,1.0,,lana,,,,,,,,,,,2018-09-28 12:02:29.892,1.0,235.0,,,0,0,,,,,,,,,,,,,,2135558164
,,,2018-09-28 12:02:29.892,217,,,killian,Killian,3.0,0,,,3.0,,,Francis,,demo_sample:5133,,6503333333,99.0,,,fkillian@acmeins.com,0159@hotmail.com,,,2,,,,,1000079,13,,,0,0,10001.0,0,,,,,,0,,,,,,,,,,,,0,,,1.0,,1.0,,francis,,,,,,,,,,,2018-09-28 12:02:29.892,1.0,235.0,,,0,0,,,,,,,,,,,,,,2135558164
,,,2018-09-28 12:02:29.892,218,,,lang,Lang,3.0,0,,,3.0,,,Ilene,,demo_sample:5134,,6503333333,100.0,,,ilang@acmeins.com,0161@hotmail.com,,,2,,,,,1000080,13,,,0,0,10001.0,0,,,,,,0,,,,,,,,,,,,0,,,1.0,,1.0,,ilene,,,,,,,,,,,2018-09-28 12:02:29.892,1.0,235.0,,,0,0,,,,,,,,,,,,,,2135558164
,,,2018-09-28 12:02:29.892,219,,,motley,Motley,3.0,0,,,3.0,,,Warren,,demo_sample:5135,,6503333333,101.0,,,wmotley@acmeins.com,0163@hotmail.com,,,2,,,,,1000081,13,,,0,0,10001.0,0,,,,,,0,,,,,,,,,,,,0,,,1.0,,1.0,,warren,,,,,,,,,,,2018-09-28 12:02:29.892,1.0,235.0,,,0,0,,,,,,,,,,,,,,2135558164
,,,2018-09-28 12:02:29.892,220,,,nafferty,Nafferty,3.0,0,,,3.0,,,Janet,,demo_sample:5136,,6503333333,102.0,,,jnafferty@acmeins.com,0165@hotmail.com,,,2,,,,,1000082,13,,,0,0,10001.0,0,,,,,,0,,,,,,,,,,,,0,,,1.0,,1.0,,janet,,,,,,,,,,,2018-09-28 12:02:29.892,1.0,235.0,,,0,0,,,,,,,,,,,,,,2135558164
,,,2018-09-28 12:02:29.892,221,,,olsen,Olsen,3.0,0,,,3.0,,,Darlene,,demo_sample:5137,,6503333333,103.0,,,dolsen@acmeins.com,0167@hotmail.com,,,2,,,,,1000083,13,,,0,0,10001.0,0,,,,,,0,,,,,,,,,,,,0,,,1.0,,1.0,,darlene,,,,,,,,,,,2018-09-28 12:02:29.892,1.0,235.0,,,0,0,,,,,,,,,,,,,,2135558164
,,,2018-09-28 12:02:29.892,222,,,payne,Payne,3.0,0,,,3.0,,,Candice,,demo_sample:5138,,6503333333,104.0,,,cpayne@acmeins.com,0169@hotmail.com,,,2,,,,,1000084,13,,,0,0,10001.0,0,,,,,,0,,,,,,,,,,,,0,,,1.0,,1.0,,candice,,,,,,,,,,,2018-09-28 12:02:29.892,1.0,235.0,,,0,0,,,,,,,,,,,,,,2135558164
,,,2018-09-28 12:02:29.892,223,,,rickter,Rickter,3.0,0,,,3.0,,,Molly,,demo_sample:5139,,6503333333,105.0,,,mrickter@acmeins.com,0171@hotmail.com,,,2,,,,,1000085,13,,,0,0,10001.0,0,,,,,,0,,,,,,,,,,,,0,,,1.0,,1.0,,molly,,,,,,,,,,,2018-09-28 12:02:29.892,1.0,235.0,,,0,0,,,,,,,,,,,,,,2135558164
,,,2018-09-28 12:02:29.892,224,,,tamden,Tamden,3.0,0,,,3.0,,,Nick,,demo_sample:5140,,6503333333,106.0,,,ntamden@acmeins.com,0173@hotmail.com,,,2,,,,,1000086,13,,,0,0,10001.0,0,,,,,,0,,,,,,,,,,,,0,,,1.0,,1.0,,nick,,,,,,,,,,,2018-09-28 12:02:29.892,1.0,235.0,,,0,0,,,,,,,,,,,,,,2135558164
,,,2018-09-28 12:02:29.892,225,,,clinton,Clinton,3.0,0,,,3.0,,,Amy,,demo_sample:5141,,6503333333,107.0,,,aclinton@acmeins.com,0175@hotmail.com,,,2,,,,,1000087,13,,,0,0,10001.0,0,,,,,,0,,,,,,,,,,,,0,,,1.0,,1.0,,amy,,,,,,,,,,,2018-09-28 12:02:29.892,1.0,235.0,,,0,0,,,,,,,,,,,,,,2135558164
,,,2018-09-28 12:02:29.892,226,,,dole,Dole,3.0,0,,,3.0,,,James,,demo_sample:5142,,6503333333,108.0,,,jdole@acmeins.com,0177@hotmail.com,,,2,,,,,1000088,13,,,0,0,10001.0,0,,,,,,0,,,,,,,,,,,,0,,,1.0,,1.0,,james,,,,,,,,,,,2018-09-28 12:02:29.892,1.0,235.0,,,0,0,,,,,,,,,,,,,,2135558164
,,,2018-09-28 12:02:29.892,227,,,bush,Bush,3.0,0,,,3.0,,,Don,,demo_sample:5143,,6503333333,109.0,,,dbush@acmeins.com,0179@hotmail.com,,,2,,,,,1000089,13,,,0,0,10001.0,0,,,,,,0,,,,,,,,,,,,0,,,1.0,,1.0,,don,,,,,,,,,,,2018-09-28 12:02:29.892,1.0,235.0,,,0,0,,,,,,,,,,,,,,2135558164
,,,2018-09-28 12:02:29.892,228,,,reagan,Reagan,3.0,0,,,3.0,,,Rachel,,demo_sample:5144,,6503333333,110.0,,,rreagan@acmeins.com,0181@hotmail.com,,,2,,,,,1000090,13,,,0,0,10001.0,0,,,,,,0,,,,,,,,,,,,0,,,1.0,,1.0,,rachel,,,,,,,,,,,2018-09-28 12:02:29.892,1.0,235.0,,,0,0,,,,,,,,,,,,,,2135558164
,,,2018-09-28 12:02:29.892,229,,,carter,Carter,3.0,0,,,3.0,,,Beth,,demo_sample:5145,,6503333333,111.0,,,bcarter@acmeins.com,0183@hotmail.com,,,2,,,,,1000091,13,,,0,0,10001.0,0,,,,,,0,,,,,,,,,,,,0,,,1.0,,1.0,,beth,,,,,,,,,,,2018-09-28 12:02:29.892,1.0,235.0,,,0,0,,,,,,,,,,,,,,2135558164
,,,2018-09-28 12:02:29.892,230,,,eisenhower,Eisenhower,3.0,0,,,3.0,,,Wendy,,demo_sample:5146,,6503333333,112.0,,,weisenhower@acmeins.com,0185@hotmail.com,,,2,,,,,1000092,13,,,0,0,10001.0,0,,,,,,0,,,,,,,,,,,,0,,,1.0,,1.0,,wendy,,,,,,,,,,,2018-09-28 12:02:29.892,1.0,235.0,,,0,0,,,,,,,,,,,,,,2135558164
,,,2018-09-28 12:02:29.892,231,,,nixon,Nixon,3.0,0,,,3.0,,,Burt,,demo_sample:5147,,6503333333,113.0,,,bnixon@acmeins.com,0187@hotmail.com,,,2,,,,,1000093,13,,,0,0,10001.0,0,,,,,,0,,,,,,,,,,,,0,,,1.0,,1.0,,burt,,,,,,,,,,,2018-09-28 12:02:29.892,1.0,235.0,,,0,0,,,,,,,,,,,,,,2135558164
,,,2018-09-28 12:02:29.892,232,,,truman,Truman,3.0,0,,,3.0,,,Sandra,,demo_sample:5148,,6503333333,114.0,,,struman@acmeins.com,0189@hotmail.com,,,2,,,,,1000094,13,,,0,0,10001.0,0,,,,,,0,,,,,,,,,,,,0,,,1.0,,1.0,,sandra,,,,,,,,,,,2018-09-28 12:02:29.892,1.0,235.0,,,0,0,,,,,,,,,,,,,,2135558164
,,,2018-09-28 12:02:29.892,233,,,roosevelt,Roosevelt,3.0,0,,,3.0,,,Wesley,,demo_sample:5149,,6503333333,115.0,,,wroosevelt@acmeins.com,0191@hotmail.com,,,2,,,,,1000095,13,,,0,0,10001.0,0,,,,,,0,,,,,,,,,,,,0,,,1.0,,1.0,,wesley,,,,,,,,,,,2018-09-28 12:02:29.892,1.0,235.0,,,0,0,,,,,,,,,,,,,,2135558164
,,,2018-09-28 12:02:29.892,234,,,kennedy,Kennedy,3.0,0,,,3.0,,,Gwenn,,demo_sample:5150,,6503333333,116.0,,,gkennedy@acmeins.com,0193@hotmail.com,,,2,,,,,1000096,13,,,0,0,10001.0,0,,,,,,0,,,,,,,,,,,,0,,,1.0,,1.0,,gwenn,,,,,,,,,,,2018-09-28 12:02:29.892,1.0,235.0,,,0,0,,,,,,,,,,,,,,2135558164
,,,2018-09-28 12:02:29.892,235,,,johnson,Johnson,3.0,0,,,3.0,,,Terence,,demo_sample:5151,,6503333333,117.0,,,tjohnson@acmeins.com,0195@hotmail.com,,,2,,,,,1000097,13,,,0,0,10001.0,0,,,,,,0,,,,,,,,,,,,0,,,1.0,,1.0,,terence,,,,,,,,,,,2018-09-28 12:02:29.892,1.0,235.0,,,0,0,,,,,,,,,,,,,,2135558164
,,,2018-09-28 12:02:29.892,236,,,harkin,Harkin,3.0,0,,,3.0,,,Isabel,,demo_sample:5152,,6503333333,118.0,,,iharkin@acmeins.com,0197@hotmail.com,,,2,,,,,1000098,13,,,0,0,10001.0,0,,,,,,0,,,,,,,,,,,,0,,,1.0,,1.0,,isabel,,,,,,,,,,,2018-09-28 12:02:29.892,1.0,235.0,,,0,0,,,,,,,,,,,,,,2135558164
,,,2018-09-28 12:02:29.892,237,,,hart,Hart,3.0,0,,,3.0,,,Carlos,,demo_sample:5153,,6503333333,119.0,,,chart@acmeins.com,0199@hotmail.com,,,2,,,,,1000099,13,,,0,0,10001.0,0,,,,,,0,,,,,,,,,,,,0,,,1.0,,1.0,,carlos,,,,,,,,,,,2018-09-28 12:02:29.892,1.0,235.0,,,0,0,,,,,,,,,,,,,,2135558164
,,,2018-09-28 12:02:29.892,238,,,dean,Dean,3.0,0,,,3.0,,,Ernie,,demo_sample:5154,,6503333333,120.0,,,edean@acmeins.com,0201@hotmail.com,,,2,,,,,1000100,13,,,0,0,10001.0,0,,,,,,0,,,,,,,,,,,,0,,,1.0,,1.0,,ernie,,,,,,,,,,,2018-09-28 12:02:29.892,1.0,235.0,,,0,0,,,,,,,,,,,,,,2135558164
,,,2018-09-28 12:02:29.892,239,,,kerrey,Kerrey,3.0,0,,,3.0,,,Rick,,demo_sample:5155,,6503333333,121.0,,,rkerrey@acmeins.com,0203@hotmail.com,,,2,,,,,1000101,13,,,0,0,10001.0,0,,,,,,0,,,,,,,,,,,,0,,,1.0,,1.0,,rick,,,,,,,,,,,2018-09-28 12:02:29.892,1.0,235.0,,,0,0,,,,,,,,,,,,,,2135558164
,,,2018-09-28 12:02:29.892,240,,,edwards,Edwards,3.0,0,,,3.0,,,Thomas,,demo_sample:5156,,6503333333,122.0,,,tedwards@acmeins.com,0205@hotmail.com,,,2,,,,,1000102,13,,,0,0,10001.0,0,,,,,,0,,,,,,,,,,,,0,,,1.0,,1.0,,thomas,,,,,,,,,,,2018-09-28 12:02:29.892,1.0,235.0,,,0,0,,,,,,,,,,,,,,2135558164
,,,2018-09-28 12:02:29.892,188,,,evans,Evans,3.0,0,,,3.0,,,Rachel,,demo_sample:5104,,6503333333,70.0,,,revans@acmeins.com,0101@hotmail.com,,,2,,,,,1000050,13,,,0,0,10001.0,0,,,,,,0,,,,,,,,,,,,0,,,1.0,,1.0,,rachel,,,,,,,,,,,2018-09-28 12:02:29.892,1.0,235.0,,,0,0,,,,,,,,,,,,,,2135558164
,,,2018-09-28 12:02:29.892,189,,,fawcett,Fawcett,3.0,0,,,3.0,,,Beth,,demo_sample:5105,,6503333333,71.0,,,bfawcett@acmeins.com,0103@hotmail.com,,,2,,,,,1000051,13,,,0,0,10001.0,0,,,,,,0,,,,,,,,,,,,0,,,1.0,,1.0,,beth,,,,,,,,,,,2018-09-28 12:02:29.892,1.0,235.0,,,0,0,,,,,,,,,,,,,,2135558164
,,,2018-09-28 12:02:29.892,190,,,gompers,Gompers,3.0,0,,,3.0,,,Wendy,,demo_sample:5106,,6503333333,72.0,,,wgompers@acmeins.com,0105@hotmail.com,,,2,,,,,1000052,13,,,0,0,10001.0,0,,,,,,0,,,,,,,,,,,,0,,,1.0,,1.0,,wendy,,,,,,,,,,,2018-09-28 12:02:29.892,1.0,235.0,,,0,0,,,,,,,,,,,,,,2135558164
,,,2018-09-28 12:02:29.892,191,,,hamilton,Hamilton,3.0,0,,,3.0,,,Burt,,demo_sample:5107,,6503333333,73.0,,,bhamilton@acmeins.com,0107@hotmail.com,,,2,,,,,1000053,13,,,0,0,10001.0,0,,,,,,0,,,,,,,,,,,,0,,,1.0,,1.0,,burt,,,,,,,,,,,2018-09-28 12:02:29.892,1.0,235.0,,,0,0,,,,,,,,,,,,,,2135558164
,,,2018-09-28 12:02:29.892,192,,,jacobs,Jacobs,3.0,0,,,3.0,,,Sandra,,demo_sample:5108,,6503333333,74.0,,,sjacobs@acmeins.com,0109@hotmail.com,,,2,,,,,1000054,13,,,0,0,10001.0,0,,,,,,0,,,,,,,,,,,,0,,,1.0,,1.0,,sandra,,,,,,,,,,,2018-09-28 12:02:29.892,1.0,235.0,,,0,0,,,,,,,,,,,,,,2135558164
,,,2018-09-28 12:02:29.892,193,,,kennison,Kennison,3.0,0,,,3.0,,,Wesley,,demo_sample:5109,,6503333333,75.0,,,wkennison@acmeins.com,0111@hotmail.com,,,2,,,,,1000055,13,,,0,0,10001.0,0,,,,,,0,,,,,,,,,,,,0,,,1.0,,1.0,,wesley,,,,,,,,,,,2018-09-28 12:02:29.892,1.0,235.0,,,0,0,,,,,,,,,,,,,,2135558164
,,,2018-09-28 12:02:29.892,194,,,loch,Loch,3.0,0,,,3.0,,,Gwenn,,demo_sample:5110,,6503333333,76.0,,,gloch@acmeins.com,0113@hotmail.com,,,2,,,,,1000056,13,,,0,0,10001.0,0,,,,,,0,,,,,,,,,,,,0,,,1.0,,1.0,,gwenn,,,,,,,,,,,2018-09-28 12:02:29.892,1.0,235.0,,,0,0,,,,,,,,,,,,,,2135558164
,,,2018-09-28 12:02:29.892,195,,,mazzon,Mazzon,3.0,0,,,3.0,,,Terence,,demo_sample:5111,,6503333333,77.0,,,tmazzon@acmeins.com,0115@hotmail.com,,,2,,,,,1000057,13,,,0,0,10001.0,0,,,,,,0,,,,,,,,,,,,0,,,1.0,,1.0,,terence,,,,,,,,,,,2018-09-28 12:02:29.892,1.0,235.0,,,0,0,,,,,,,,,,,,,,2135558164
,,,2018-09-28 12:02:29.892,196,,,numin,Numin,3.0,0,,,3.0,,,Isabel,,demo_sample:5112,,6503333333,78.0,,,inumin@acmeins.com,0117@hotmail.com,,,2,,,,,1000058,13,,,0,0,10001.0,0,,,,,,0,,,,,,,,,,,,0,,,1.0,,1.0,,isabel,,,,,,,,,,,2018-09-28 12:02:29.892,1.0,235.0,,,0,0,,,,,,,,,,,,,,2135558164
,,,2018-09-28 12:02:29.892,197,,,oppley,Oppley,3.0,0,,,3.0,,,Carlos,,demo_sample:5113,,6503333333,79.0,,,coppley@acmeins.com,0119@hotmail.com,,,2,,,,,1000059,13,,,0,0,10001.0,0,,,,,,0,,,,,,,,,,,,0,,,1.0,,1.0,,carlos,,,,,,,,,,,2018-09-28 12:02:29.892,1.0,235.0,,,0,0,,,,,,,,,,,,,,2135558164
,,,2018-09-28 12:02:29.892,198,,,pasquale,Pasquale,3.0,0,,,3.0,,,Ernie,,demo_sample:5114,,6503333333,80.0,,,epasquale@acmeins.com,0121@hotmail.com,,,2,,,,,1000060,13,,,0,0,10001.0,0,,,,,,0,,,,,,,,,,,,0,,,1.0,,1.0,,ernie,,,,,,,,,,,2018-09-28 12:02:29.892,1.0,235.0,,,0,0,,,,,,,,,,,,,,2135558164
,,,2018-09-28 12:02:29.892,199,,,ralston,Ralston,3.0,0,,,3.0,,,Rick,,demo_sample:5115,,6503333333,81.0,,,rralston@acmeins.com,0123@hotmail.com,,,2,,,,,1000061,13,,,0,0,10001.0,0,,,,,,0,,,,,,,,,,,,0,,,1.0,,1.0,,rick,,,,,,,,,,,2018-09-28 12:02:29.892,1.0,235.0,,,0,0,,,,,,,,,,,,,,2135558164
,,,2018-09-28 12:02:29.892,200,,,sanders,Sanders,3.0,0,,,3.0,,,Thomas,,demo_sample:5116,,6503333333,82.0,,,tsanders@acmeins.com,0125@hotmail.com,,,2,,,,,1000062,13,,,0,0,10001.0,0,,,,,,0,,,,,,,,,,,,0,,,1.0,,1.0,,thomas,,,,,,,,,,,2018-09-28 12:02:29.892,1.0,235.0,,,0,0,,,,,,,,,,,,,,2135558164
,,,2018-09-28 12:02:29.892,201,,,thomson,Thomson,3.0,0,,,3.0,,,Faith,,demo_sample:5117,,6503333333,83.0,,,fthomson@acmeins.com,0127@hotmail.com,,,2,,,,,1000063,13,,,0,0,10001.0,0,,,,,,0,,,,,,,,,,,,0,,,1.0,,1.0,,faith,,,,,,,,,,,2018-09-28 12:02:29.892,1.0,235.0,,,0,0,,,,,,,,,,,,,,2135558164
,,,2018-09-28 12:02:29.892,202,,,ulveling,Ulveling,3.0,0,,,3.0,,,Sylvia,,demo_sample:5118,,6503333333,84.0,,,sulveling@acmeins.com,0129@hotmail.com,,,2,,,,,1000064,13,,,0,0,10001.0,0,,,,,,0,,,,,,,,,,,,0,,,1.0,,1.0,,sylvia,,,,,,,,,,,2018-09-28 12:02:29.892,1.0,235.0,,,0,0,,,,,,,,,,,,,,2135558164
,,,2018-09-28 12:02:29.892,203,,,vance,Vance,3.0,0,,,3.0,,,Pam,,demo_sample:5119,,6503333333,85.0,,,pvance@acmeins.com,0131@hotmail.com,,,2,,,,,1000065,13,,,0,0,10001.0,0,,,,,,0,,,,,,,,,,,,0,,,1.0,,1.0,,pam,,,,,,,,,,,2018-09-28 12:02:29.892,1.0,235.0,,,0,0,,,,,,,,,,,,,,2135558164
,,,2018-09-28 12:02:29.892,204,,,winslow,Winslow,3.0,0,,,3.0,,,Kerrie,,demo_sample:5120,,6503333333,86.0,,,kwinslow@acmeins.com,0133@hotmail.com,,,2,,,,,1000066,13,,,0,0,10001.0,0,,,,,,0,,,,,,,,,,,,0,,,1.0,,1.0,,kerrie,,,,,,,,,,,2018-09-28 12:02:29.892,1.0,235.0,,,0,0,,,,,,,,,,,,,,2135558164
,,,2018-09-28 12:02:29.892,205,,,yancy,Yancy,3.0,0,,,3.0,,,Jill,,demo_sample:5121,,6503333333,87.0,,,jyancy@acmeins.com,0135@hotmail.com,,,2,,,,,1000067,13,,,0,0,10001.0,0,,,,,,0,,,,,,,,,,,,0,,,1.0,,1.0,,jill,,,,,,,,,,,2018-09-28 12:02:29.892,1.0,235.0,,,0,0,,,,,,,,,,,,,,2135558164
,,,2018-09-28 12:02:29.892,206,,,zimmerson,Zimmerson,3.0,0,,,3.0,,,Becky,,demo_sample:5122,,6503333333,88.0,,,bzimmerson@acmeins.com,0137@hotmail.com,,,2,,,,,1000068,13,,,0,0,10001.0,0,,,,,,0,,,,,,,,,,,,0,,,1.0,,1.0,,becky,,,,,,,,,,,2018-09-28 12:02:29.892,1.0,235.0,,,0,0,,,,,,,,,,,,,,2135558164
,,,2018-09-28 12:02:29.892,207,,,atley,Atley,3.0,0,,,3.0,,,Harry,,demo_sample:5123,,6503333333,89.0,,,hatley@acmeins.com,0139@hotmail.com,,,2,,,,,1000069,13,,,0,0,10001.0,0,,,,,,0,,,,,,,,,,,,0,,,1.0,,1.0,,harry,,,,,,,,,,,2018-09-28 12:02:29.892,1.0,235.0,,,0,0,,,,,,,,,,,,,,2135558164
,,,2018-09-28 12:02:29.892,208,,,benson,Benson,3.0,0,,,3.0,,,Paulette,,demo_sample:5124,,6503333333,90.0,,,pbenson@acmeins.com,0141@hotmail.com,,,2,,,,,1000070,13,,,0,0,10001.0,0,,,,,,0,,,,,,,,,,,,0,,,1.0,,1.0,,paulette,,,,,,,,,,,2018-09-28 12:02:29.892,1.0,235.0,,,0,0,,,,,,,,,,,,,,2135558164
,,,2018-09-28 12:02:29.892,209,,,crawford,Crawford,3.0,0,,,3.0,,,Todd,,demo_sample:5125,,6503333333,91.0,,,tcrawford@acmeins.com,0143@hotmail.com,,,2,,,,,1000071,13,,,0,0,10001.0,0,,,,,,0,,,,,,,,,,,,0,,,1.0,,1.0,,todd,,,,,,,,,,,2018-09-28 12:02:29.892,1.0,235.0,,,0,0,,,,,,,,,,,,,,2135558164
,,,2018-09-28 12:02:29.892,210,,,dunn,Dunn,3.0,0,,,3.0,,,Spencer,,demo_sample:5126,,6503333333,92.0,,,sdunn@acmeins.com,0145@hotmail.com,,,2,,,,,1000072,13,,,0,0,10001.0,0,,,,,,0,,,,,,,,,,,,0,,,1.0,,1.0,,spencer,,,,,,,,,,,2018-09-28 12:02:29.892,1.0,235.0,,,0,0,,,,,,,,,,,,,,2135558164
,,,2018-09-28 12:02:29.892,211,,,egertson,Egertson,3.0,0,,,3.0,,,Jonah,,demo_sample:5127,,6503333333,93.0,,,jegertson@acmeins.com,0147@hotmail.com,,,2,,,,,1000073,13,,,0,0,10001.0,0,,,,,,0,,,,,,,,,,,,0,,,1.0,,1.0,,jonah,,,,,,,,,,,2018-09-28 12:02:29.892,1.0,235.0,,,0,0,,,,,,,,,,,,,,2135558164
,,,2018-09-28 12:02:29.892,212,,,farrell,Farrell,3.0,0,,,3.0,,,Lynzi,,demo_sample:5128,,6503333333,94.0,,,lfarrell@acmeins.com,0149@hotmail.com,,,2,,,,,1000074,13,,,0,0,10001.0,0,,,,,,0,,,,,,,,,,,,0,,,1.0,,1.0,,lynzi,,,,,,,,,,,2018-09-28 12:02:29.892,1.0,235.0,,,0,0,,,,,,,,,,,,,,2135558164
,,,2018-09-28 12:02:29.892,213,,,gunderson,Gunderson,3.0,0,,,3.0,,,Trevor,,demo_sample:5129,,6503333333,95.0,,,tgunderson@acmeins.com,0151@hotmail.com,,,2,,,,,1000075,13,,,0,0,10001.0,0,,,,,,0,,,,,,,,,,,,0,,,1.0,,1.0,,trevor,,,,,,,,,,,2018-09-28 12:02:29.892,1.0,235.0,,,0,0,,,,,,,,,,,,,,2135558164
,,,2018-09-28 12:02:29.892,214,,,henson,Henson,3.0,0,,,3.0,,,Scott,,demo_sample:5130,,6503333333,96.0,,,shenson@acmeins.com,0153@hotmail.com,,,2,,,,,1000076,13,,,0,0,10001.0,0,,,,,,0,,,,,,,,,,,,0,,,1.0,,1.0,,scott,,,,,,,,,,,2018-09-28 12:02:29.892,1.0,235.0,,,0,0,,,,,,,,,,,,,,2135558164
,,,2018-09-28 17:17:34.007,3,,,user,User,,1,,,3.0,,,Super,,default_data:1,,,,,,,,,,2,,,,,,13,,,0,0,,0,,,,,,0,,,,,,,,,,,,0,,,1.0,,,,super,,,,,10005.0,,,,,,2018-09-28 00:20:49.176,1.0,,,,0,0,,,,,,,,,,,,,,
,3307616-2332-6167033,worthy farmer's supply,2018-09-28 11:59:34.351,103,,,,,3.0,0,,,3.0,,,,,ab:40000,,,1.0,,,0000@guidewire.com,0000@hotmail.com,,,2,,,,,,2,,,0,0,,0,,,Worthy Farmer's Supply,,,0,,,,,,,,,,,,0,,,1.0,,1.0,,,,,,,,,,,,,2018-09-28 11:59:34.351,1.0,,,,0,0,,,,,,,,,,,,,,3093843636
,3307616-2332-6167033,worthy farmer's supply,2018-09-28 11:59:34.351,104,,,,,3.0,0,,,3.0,,,,,demo_acct:40000,,,,,ab:40000,0000@guidewire.com,0000@hotmail.com,,,2,,,,,,2,,,0,0,,0,,,Worthy Farmer's Supply,,,0,,,,,,,,,,,,0,,,1.0,,1.0,,,,,,,,,,,,,2018-09-28 11:59:34.351,1.0,,,,0,0,,,,,,,,,,,,,,
,3173274-5885-4723713,johnston financial advisors,2018-09-28 11:59:34.351,105,,,,,3.0,0,,,3.0,,,,,ab:40001,,,2.0,,,0000@guidewire.com,0000@hotmail.com,,,2,,,,,,2,,,0,0,,0,,,Johnston Financial Advisors,,,0,,,,,,,,,,,,0,,,1.0,,1.0,,,,,,,,,,,,,2018-09-28 11:59:34.351,1.0,,,,0,0,,,,,,,,,,,,,,3092237783
,3173274-5885-4723713,johnston financial advisors,2018-09-28 11:59:34.351,106,,,,,3.0,0,,,3.0,,,,,demo_acct:40001,,,,,ab:40001,0000@guidewire.com,0000@hotmail.com,,,2,,,,,,2,,,0,0,,0,,,Johnston Financial Advisors,,,0,,,,,,,,,,,,0,,,1.0,,1.0,,,,,,,,,,,,,2018-09-28 11:59:34.351,1.0,,,,0,0,,,,,,,,,,,,,,
,2138703-0440-3078312,cilia's b&b,2018-09-28 11:59:34.351,107,,,,,3.0,0,,,3.0,,,,,ab:40002,,,3.0,,,0000@guidewire.com,0000@hotmail.com,,,2,,,,,,2,,,0,0,,0,,,Cilia's B&B,,,0,,,,,,,,,,,,0,,,1.0,,1.0,,,,,,,,,,,,,2018-09-28 11:59:34.351,1.0,,,,0,0,,,,,,,,,,,,,,7082234756
,2138703-0440-3078312,cilia's b&b,2018-09-28 11:59:34.351,108,,,,,3.0,0,,,3.0,,,,,demo_acct:40002,,,,,ab:40002,0000@guidewire.com,0000@hotmail.com,,,2,,,,,,2,,,0,0,,0,,,Cilia's B&B,,,0,,,,,,,,,,,,0,,,1.0,,1.0,,,,,,,,,,,,,2018-09-28 11:59:34.351,1.0,,,,0,0,,,,,,,,,,,,,,
,1907777-8448-7777091,solid oak furniture,2018-09-28 11:59:34.351,109,,,,,3.0,0,,,3.0,,,,,ab:40003,,,4.0,,,0000@guidewire.com,0000@hotmail.com,,,2,,,,,,2,,,0,0,,0,,,Solid Oak Furniture,,,0,,,,,,,,,,,,0,,,1.0,,1.0,,,,,,,,,,,,,2018-09-28 11:59:34.351,1.0,,,,0,0,,,,,,,,,,,,,,7082238700
,1907777-8448-7777091,solid oak furniture,2018-09-28 11:59:34.351,110,,,,,3.0,0,,,3.0,,,,,demo_acct:40003,,,,,ab:40003,0000@guidewire.com,0000@hotmail.com,,,2,,,,,,2,,,0,0,,0,,,Solid Oak Furniture,,,0,,,,,,,,,,,,0,,,1.0,,1.0,,,,,,,,,,,,,2018-09-28 11:59:34.351,1.0,,,,0,0,,,,,,,,,,,,,,
,5489430-1881-0349845,long road trucking company,2018-09-28 11:59:34.351,111,,,,,3.0,0,,,3.0,,,,,ab:40004,,,5.0,,,0000@guidewire.com,0000@hotmail.com,,,2,,,,,,2,,,0,0,,0,,,Long Road Trucking Company,,,0,,,,,,,,,,,,0,,,1.0,,1.0,,,,,,,,,,,,,2018-09-28 11:59:34.351,1.0,,,,0,0,,,,,,,,,,,,,,7044342007
,5489430-1881-0349845,long road trucking company,2018-09-28 11:59:34.351,112,,,,,3.0,0,,,3.0,,,,,demo_acct:40004,,,,,ab:40004,0000@guidewire.com,0000@hotmail.com,,,2,,,,,,2,,,0,0,,0,,,Long Road Trucking Company,,,0,,,,,,,,,,,,0,,,1.0,,1.0,,,,,,,,,,,,,2018-09-28 11:59:34.351,1.0,,,,0,0,,,,,,,,,,,,,,
,8676140-4224-0416768,big mac trucking,2018-09-28 11:59:34.351,113,,,,,3.0,0,,,3.0,,,,,ab:40005,,,,,,0000@guidewire.com,0000@hotmail.com,,,2,,,,,,2,,,0,0,,0,,,Big Mac Trucking,,,0,,,,,,,,,,,,0,,,1.0,,1.0,,,,,,,,,,,,,2018-09-28 11:59:34.351,1.0,,,,0,0,,,,,,,,,,,,,,5106875963
,8676140-4224-0416768,big mac trucking,2018-09-28 11:59:34.351,114,,,,,3.0,0,,,3.0,,,,,demo_acct:40005,,,,,ab:40005,0000@guidewire.com,0000@hotmail.com,,,2,,,,,,2,,,0,0,,0,,,Big Mac Trucking,,,0,,,,,,,,,,,,0,,,1.0,,1.0,,,,,,,,,,,,,2018-09-28 11:59:34.351,1.0,,,,0,0,,,,,,,,,,,,,,
,5582122-8448-2212855,abc rentals,2018-09-28 11:59:34.351,115,,,,,3.0,0,,,3.0,,,,,ab:40006,,,6.0,,,0000@guidewire.com,0000@hotmail.com,,,2,,,,,,2,,,0,0,,0,,,ABC Rentals,,,0,,,,,,,,,,,,0,,,1.0,,1.0,,,,,,,,,,,,,2018-09-28 11:59:34.351,1.0,,,,0,0,,,,,,,,,,,,,,8472793401
,5582122-8448-2212855,abc rentals,2018-09-28 11:59:34.351,116,,,,,3.0,0,,,3.0,,,,,demo_acct:40006,,,,,ab:40006,0000@guidewire.com,0000@hotmail.com,,,2,,,,,,2,,,0,0,,0,,,ABC Rentals,,,0,,,,,,,,,,,,0,,,1.0,,1.0,,,,,,,,,,,,,2018-09-28 11:59:34.351,1.0,,,,0,0,,,,,,,,,,,,,,
,7681563-7117-3651867,bison trucking company,2018-09-28 11:59:34.351,117,,,,,3.0,0,,,3.0,,,,,ab:40007,,,7.0,,,0000@guidewire.com,0000@hotmail.com,,,2,,,,,,2,,,0,0,,0,,,Bison Trucking Company,,,0,,,,,,,,,,,,0,,,1.0,,1.0,,,,,,,,,,,,,2018-09-28 11:59:34.351,1.0,,,,0,0,,,,,,,,,,,,,,7044342008
,7681563-7117-3651867,bison trucking company,2018-09-28 11:59:34.351,118,,,,,3.0,0,,,3.0,,,,,demo_acct:40007,,,,,ab:40007,0000@guidewire.com,0000@hotmail.com,,,2,,,,,,2,,,0,0,,0,,,Bison Trucking Company,,,0,,,,,,,,,,,,0,,,1.0,,1.0,,,,,,,,,,,,,2018-09-28 11:59:34.351,1.0,,,,0,0,,,,,,,,,,,,,,
,4178287-2772-7828714,lennar construction,2018-09-28 11:59:34.351,119,,,,,3.0,0,,,3.0,,,,,ab:40008,,,8.0,,,0000@guidewire.com,0000@hotmail.com,,,2,,,,,,2,,,0,0,,0,,,Lennar Construction,,,0,,,,,,,,,,,,0,,,1.0,,1.0,,,,,,,,,,,,,2018-09-28 11:59:34.351,1.0,,,,0,0,,,,,,,,,,,,,,8184461206
,4178287-2772-7828714,lennar construction,2018-09-28 11:59:34.351,120,,,,,3.0,0,,,3.0,,,,,demo_acct:40008,,,,,ab:40008,0000@guidewire.com,0000@hotmail.com,,,2,,,,,,2,,,0,0,,0,,,Lennar Construction,,,0,,,,,,,,,,,,0,,,1.0,,1.0,,,,,,,,,,,,,2018-09-28 11:59:34.351,1.0,,,,0,0,,,,,,,,,,,,,,
,0657303-1771-3037560,georgetown roofing,2018-09-28 11:59:34.351,121,,,,,3.0,0,,,3.0,,,,,ab:40020,,,9.0,,,0000@guidewire.com,0000@hotmail.com,,,2,,,,,,2,,,0,0,,0,,,Georgetown Roofing,,,0,,,,,,,,,,,,0,,,1.0,,1.0,,,,,,,,,,,,,2018-09-28 11:59:34.351,1.0,,,,0,0,,,,,,,,,,,,,,8182522546
,0657303-1771-3037560,georgetown roofing,2018-09-28 11:59:34.351,122,,,,,3.0,0,,,3.0,,,,,demo_acct:40020,,,,,ab:40020,0000@guidewire.com,0000@hotmail.com,,,2,,,,,,2,,,0,0,,0,,,Georgetown Roofing,,,0,,,,,,,,,,,,0,,,1.0,,1.0,,,,,,,,,,,,,2018-09-28 11:59:34.351,1.0,,,,0,0,,,,,,,,,,,,,,
,4578-66-622226-66-8754,fitright manufacturing,2018-09-28 11:59:34.351,123,,,,,3.0,0,,,3.0,,,,,ab:40021,,,10.0,,,0000@guidewire.com,0000@hotmail.com,,,2,,,,,,2,,,0,0,,0,,,FitRight Manufacturing,,,0,,,,,,,,,,,,0,,,1.0,,1.0,,,,,,,,,,,,,2018-09-28 11:59:34.351,1.0,,,,0,0,,,,,,,,,,,,,,2134759465
,4578-66-622226-66-8754,fitright manufacturing,2018-09-28 11:59:34.351,124,,,,,3.0,0,,,3.0,,,,,demo_acct:40021,,,,,ab:40021,0000@guidewire.com,0000@hotmail.com,,,2,,,,,,2,,,0,0,,0,,,FitRight Manufacturing,,,0,,,,,,,,,,,,0,,,1.0,,1.0,,,,,,,,,,,,,2018-09-28 11:59:34.351,1.0,,,,0,0,,,,,,,,,,,,,,
,2675698-3883-8965762,citi mortgage,2018-09-28 11:59:34.351,125,,,,,3.0,0,,,3.0,,,,,ab:40022,,,11.0,,,0000@guidewire.com,0000@hotmail.com,,,2,,,,,,2,,,0,0,,0,,,Citi Mortgage,,,0,,,,,,,,,,,,0,,,1.0,,1.0,,,,,,,,,,,,,2018-09-28 11:59:34.351,1.0,,,,0,0,,,,,,,,,,,,,,6264739576
,2675698-3883-8965762,citi mortgage,2018-09-28 11:59:34.351,126,,,,,3.0,0,,,3.0,,,,,demo_acct:40022,,,,,ab:40022,0000@guidewire.com,0000@hotmail.com,,,2,,,,,,2,,,0,0,,0,,,Citi Mortgage,,,0,,,,,,,,,,,,0,,,1.0,,1.0,,,,,,,,,,,,,2018-09-28 11:59:34.351,1.0,,,,0,0,,,,,,,,,,,,,,
,3887487-2772-7847883,hoyle bicycles,2018-09-28 11:59:34.351,127,,,,,3.0,0,,,3.0,,,,,ab:40023,,,12.0,,,0000@guidewire.com,0000@hotmail.com,,,2,,,,,,2,,,0,0,,0,,,Hoyle Bicycles,,,0,,,,,,,,,,,,0,,,1.0,,1.0,,,,,,,,,,,,,2018-09-28 11:59:34.351,1.0,,,,0,0,,,,,,,,,,,,,,8472793402
,3887487-2772-7847883,hoyle bicycles,2018-09-28 11:59:34.351,128,,,,,3.0,0,,,3.0,,,,,demo_acct:40023,,,,,ab:40023,0000@guidewire.com,0000@hotmail.com,,,2,,,,,,2,,,0,0,,0,,,Hoyle Bicycles,,,0,,,,,,,,,,,,0,,,1.0,,1.0,,,,,,,,,,,,,2018-09-28 11:59:34.351,1.0,,,,0,0,,,,,,,,,,,,,,
,5053034-7227-4303505,hardhat construction,2018-09-28 11:59:34.351,129,,,,,3.0,0,,,3.0,,,,,ab:40024,,,13.0,,,0000@guidewire.com,0000@hotmail.com,,,2,,,,,,2,,,0,0,,0,,,Hardhat Construction,,,0,,,,,,,,,,,,0,,,1.0,,1.0,,,,,,,,,,,,,2018-09-28 11:59:34.351,1.0,,,,0,0,,,,,,,,,,,,,,8472793399
,,,2018-09-28 12:02:29.892,268,,,josloff,Josloff,3.0,0,,,3.0,,,John,,demo_sample:5184,,6503333333,150.0,,,jjosloff@acmeins.com,0261@hotmail.com,,,2,,,,,1000130,13,,,0,0,10001.0,0,,,,,,0,,,,,,,,,,,,0,,,1.0,,1.0,,john,,,,,,,,,,,2018-09-28 12:02:29.892,1.0,235.0,,,0,0,,,,,,,,,,,,,,8475558164
,,,2018-09-28 12:02:29.892,269,,,king,King,3.0,0,,,3.0,,,Michele,,demo_sample:5185,,6503333333,151.0,,,mking@acmeins.com,0263@hotmail.com,,,2,,,,,1000131,13,,,0,0,10001.0,0,,,,,,0,,,,,,,,,,,,0,,,1.0,,1.0,,michele,,,,,,,,,,,2018-09-28 12:02:29.892,1.0,235.0,,,0,0,,,,,,,,,,,,,,8475558164
,,,2018-09-28 12:02:29.892,270,,,mansur,Mansur,3.0,0,,,3.0,,,Phyllis,,demo_sample:5186,,6503333333,152.0,,,pmansur@acmeins.com,0265@hotmail.com,,,2,,,,,1000132,13,,,0,0,10001.0,0,,,,,,0,,,,,,,,,,,,0,,,1.0,,1.0,,phyllis,,,,,,,,,,,2018-09-28 12:02:29.892,1.0,235.0,,,0,0,,,,,,,,,,,,,,8475558164
,,,2018-09-28 12:02:29.892,271,,,mazuch,Mazuch,3.0,0,,,3.0,,,Edward,,demo_sample:5187,,6503333333,153.0,,,emazuch@acmeins.com,0267@hotmail.com,,,2,,,,,1000133,13,,,0,0,10001.0,0,,,,,,0,,,,,,,,,,,,0,,,1.0,,1.0,,edward,,,,,,,,,,,2018-09-28 12:02:29.892,1.0,235.0,,,0,0,,,,,,,,,,,,,,8475558164
,,,2018-09-28 12:02:29.892,272,,,myette,Myette,3.0,0,,,3.0,,,Richard,,demo_sample:5188,,6503333333,154.0,,,rmyette@acmeins.com,0269@hotmail.com,,,2,,,,,1000134,13,,,0,0,10001.0,0,,,,,,0,,,,,,,,,,,,0,,,1.0,,1.0,,richard,,,,,,,,,,,2018-09-28 12:02:29.892,1.0,235.0,,,0,0,,,,,,,,,,,,,,8475558164
,,,2018-09-28 12:02:29.892,273,,,norris,Norris,3.0,0,,,3.0,,,Carl,,demo_sample:5189,,6503333333,155.0,,,cnorris@acmeins.com,0271@hotmail.com,,,2,,,,,1000135,13,,,0,0,10001.0,0,,,,,,0,,,,,,,,,,,,0,,,1.0,,1.0,,carl,,,,,,,,,,,2018-09-28 12:02:29.892,1.0,235.0,,,0,0,,,,,,,,,,,,,,8475558164
,,,2018-09-28 12:02:29.892,274,,,rice,Rice,3.0,0,,,3.0,,,Kirk,,demo_sample:5190,,6503333333,156.0,,,krice@acmeins.com,0273@hotmail.com,,,2,,,,,1000136,13,,,0,0,10001.0,0,,,,,,0,,,,,,,,,,,,0,,,1.0,,1.0,,kirk,,,,,,,,,,,2018-09-28 12:02:29.892,1.0,235.0,,,0,0,,,,,,,,,,,,,,8475558164
,,,2018-09-28 12:02:29.892,275,,,ruhl,Ruhl,3.0,0,,,3.0,,,Jerome,,demo_sample:5191,,6503333333,157.0,,,jruhl@acmeins.com,0275@hotmail.com,,,2,,,,,1000137,13,,,0,0,10001.0,0,,,,,,0,,,,,,,,,,,,0,,,1.0,,1.0,,jerome,,,,,,,,,,,2018-09-28 12:02:29.892,1.0,235.0,,,0,0,,,,,,,,,,,,,,8475558164
,,,2018-09-28 12:02:29.892,276,,,sherman,Sherman,3.0,0,,,3.0,,,Chonghyo,,demo_sample:5192,,6503333333,158.0,,,csherman@acmeins.com,0277@hotmail.com,,,2,,,,,1000138,13,,,0,0,10001.0,0,,,,,,0,,,,,,,,,,,,0,,,1.0,,1.0,,chonghyo,,,,,,,,,,,2018-09-28 12:02:29.892,1.0,235.0,,,0,0,,,,,,,,,,,,,,8475558164
,,,2018-09-28 12:02:29.892,277,,,spanbauer,Spanbauer,3.0,0,,,3.0,,,Mark,,demo_sample:5193,,6503333333,159.0,,,mspanbauer@acmeins.com,0279@hotmail.com,,,2,,,,,1000139,13,,,0,0,10001.0,0,,,,,,0,,,,,,,,,,,,0,,,1.0,,1.0,,mark,,,,,,,,,,,2018-09-28 12:02:29.892,1.0,235.0,,,0,0,,,,,,,,,,,,,,8475558164
,,,2018-09-28 12:02:29.892,278,,,streeter,Streeter,3.0,0,,,3.0,,,James,,demo_sample:5194,,6503333333,160.0,,,jstreeter@acmeins.com,0281@hotmail.com,,,2,,,,,1000140,13,,,0,0,10001.0,0,,,,,,0,,,,,,,,,,,,0,,,1.0,,1.0,,james,,,,,,,,,,,2018-09-28 12:02:29.892,1.0,235.0,,,0,0,,,,,,,,,,,,,,8475558164
,,,2018-09-28 12:02:29.892,279,,,whipple,Whipple,3.0,0,,,3.0,,,Lawrence,,demo_sample:5195,,6503333333,161.0,,,lwhipple@acmeins.com,0283@hotmail.com,,,2,,,,,1000141,13,,,0,0,10001.0,0,,,,,,0,,,,,,,,,,,,0,,,1.0,,1.0,,lawrence,,,,,,,,,,,2018-09-28 12:02:29.892,1.0,235.0,,,0,0,,,,,,,,,,,,,,8475558164
,,,2018-09-28 12:02:29.892,280,,,filipkowski,Filipkowski,3.0,0,,,3.0,,,John,,demo_sample:5196,,6503333333,162.0,,,jfilipkowski@acmeins.com,0285@hotmail.com,,,2,,,,,1000142,13,,,0,0,10001.0,0,,,,,,0,,,,,,,,,,,,0,,,1.0,,1.0,,john,,,,,,,,,,,2018-09-28 12:02:29.892,1.0,235.0,,,0,0,,,,,,,,,,,,,,8475558164
,,,2018-09-28 12:02:29.892,281,,,cummings,Cummings,3.0,0,,,3.0,,,Walter,,demo_sample:5197,,6503333333,163.0,,,wcummings@acmeins.com,0287@hotmail.com,,,2,,,,,1000143,13,,,0,0,10001.0,0,,,,,,0,,,,,,,,,,,,0,,,1.0,,1.0,,walter,,,,,,,,,,,2018-09-28 12:02:29.892,1.0,235.0,,,0,0,,,,,,,,,,,,,,8475558164
,,,2018-09-28 12:02:29.892,282,,,dwight,Dwight,3.0,0,,,3.0,,,Frederick,,demo_sample:5198,,6503333333,164.0,,,fdwight@acmeins.com,0289@hotmail.com,,,2,,,,,1000144,13,,,0,0,10001.0,0,,,,,,0,,,,,,,,,,,,0,,,1.0,,1.0,,frederick,,,,,,,,,,,2018-09-28 12:02:29.892,1.0,235.0,,,0,0,,,,,,,,,,,,,,8475558164
,,,2018-09-28 12:02:29.892,283,,,gebhardt,Gebhardt,3.0,0,,,3.0,,,Paul,,demo_sample:5199,,6503333333,165.0,,,pgebhardt@acmeins.com,0291@hotmail.com,,,2,,,,,1000145,13,,,0,0,10001.0,0,,,,,,0,,,,,,,,,,,,0,,,1.0,,1.0,,paul,,,,,,,,,,,2018-09-28 12:02:29.892,1.0,235.0,,,0,0,,,,,,,,,,,,,,8475558164
,,,2018-09-28 12:02:29.892,284,,,guest,Guest,3.0,0,,,3.0,,,Debra,,demo_sample:5200,,6503333333,166.0,,,dguest@acmeins.com,0293@hotmail.com,,,2,,,,,1000146,13,,,0,0,10001.0,0,,,,,,0,,,,,,,,,,,,0,,,1.0,,1.0,,debra,,,,,,,,,,,2018-09-28 12:02:29.892,1.0,235.0,,,0,0,,,,,,,,,,,,,,8475558164
,,,2018-09-28 12:02:29.892,285,,,kim,Kim,3.0,0,,,3.0,,,Alan,,demo_sample:5201,,6503333333,167.0,,,akim@acmeins.com,0295@hotmail.com,,,2,,,,,1000147,13,,,0,0,10001.0,0,,,,,,0,,,,,,,,,,,,0,,,1.0,,1.0,,alan,,,,,,,,,,,2018-09-28 12:02:29.892,1.0,235.0,,,0,0,,,,,,,,,,,,,,8475558164
,,,2018-09-28 12:02:29.892,286,,,malouin,Malouin,3.0,0,,,3.0,,,Brian,,demo_sample:5202,,6503333333,168.0,,,bmalouin@acmeins.com,0297@hotmail.com,,,2,,,,,1000148,13,,,0,0,10001.0,0,,,,,,0,,,,,,,,,,,,0,,,1.0,,1.0,,brian,,,,,,,,,,,2018-09-28 12:02:29.892,1.0,235.0,,,0,0,,,,,,,,,,,,,,8475558164
,,,2018-09-28 12:02:29.892,287,,,myrick,Myrick,3.0,0,,,3.0,,,Nomi,,demo_sample:5203,,6503333333,169.0,,,nmyrick@acmeins.com,0299@hotmail.com,,,2,,,,,1000149,13,,,0,0,10001.0,0,,,,,,0,,,,,,,,,,,,0,,,1.0,,1.0,,nomi,,,,,,,,,,,2018-09-28 12:02:29.892,1.0,235.0,,,0,0,,,,,,,,,,,,,,8475558164
,,,2018-09-28 12:02:29.892,288,,,arlington,Arlington,3.0,0,,,3.0,,,Annabelle,,trucking:1,,6503333333,170.0,,,0301@guidewire.com,0301@hotmail.com,,,2,,,,,1000150,13,,,0,0,10001.0,0,,,,,,0,,,,,,,,,,,,0,,,1.0,,1.0,,annabelle,,,,,,,,,,,2018-09-28 12:02:29.892,1.0,235.0,,,0,0,,,,,,,,,,,,,,8435532001
,,,2018-09-28 12:02:29.892,289,,,shaw,Shaw,3.0,0,,,3.0,,,Charles,,demo_sample:5205,,6503333333,171.0,,,intern@acmeins.com,0303@hotmail.com,,,2,,,,,1000152,13,,,0,0,10001.0,0,,,,,,0,,,,,,,,,,,,0,,,1.0,,1.0,,charles,,,,,,,,,,,2018-09-28 12:02:29.892,1.0,235.0,,,0,0,,,,,,,,,,,,,,2135558164
,,,2018-09-28 12:02:29.892,290,,,lee,Lee,3.0,0,,,3.0,,,Nancy,,demo_sample:5206,,6503333333,172.0,,,nlee@acmeins.com,0305@hotmail.com,,,2,,,,,1000153,13,,,0,0,10001.0,0,,,,,,0,,,,,,,,,,,,0,,,1.0,,1.0,,nancy,,,,,,,,,,,2018-09-28 12:02:29.892,1.0,235.0,,,0,0,,,,,,,,,,,,,,2135558164
,,,2018-09-28 12:02:29.892,291,,,lakata,Lakata,3.0,0,,,3.0,,,Evan,,demo_sample:5207,,6503333333,173.0,,,elakta@acmeins.com,0307@hotmail.com,,,2,,,,,1000154,13,,,0,0,10001.0,0,,,,,,0,,,,,,,,,,,,0,,,1.0,,1.0,,evan,,,,,,,,,,,2018-09-28 12:02:29.892,1.0,235.0,,,0,0,,,,,,,,,,,,,,2135558164
,,,2018-09-28 12:02:29.892,292,,,portal,Portal,3.0,0,,,3.0,,,Internet,,demo_sample:5208,,6503333333,174.0,,,portal@acmeins.com,0309@hotmail.com,,,2,,,,,1000155,13,,,0,0,10001.0,0,,,,,,0,,,,,,,,,,,,0,,,1.0,,1.0,,internet,,,,,,,,,,,2018-09-28 12:02:29.892,1.0,235.0,,,0,0,,,,,,,,,,,,,,2135558164
,,,2018-09-28 12:02:29.892,293,,,officer,Officer,3.0,0,,,3.0,,,DataProtection,,cc:293,,6503333333,175.0,,,dpofficer@acmeins.com,0311@hotmail.com,,,2,,,,,,13,,,0,0,10001.0,0,,,,,,0,,,,,,,,,,,,0,,,1.0,,1.0,,dataprotection,,,,,,,,,,,2018-09-28 12:02:29.892,1.0,235.0,,,0,0,,,,,,,,,,,,,,2135558165
,,,2018-09-28 12:02:29.892,294,,,nichois,Nichois,3.0,0,,,3.0,,,John,,cc:294,,6503333333,176.0,,,jnichois@acmeins.com,0313@hotmail.com,,,2,,,,,,13,,,0,0,10001.0,0,,,,,,0,,,,,,,,,,,,0,,,1.0,,1.0,,john,,,,,,,,,,,2018-09-28 12:02:29.892,1.0,235.0,,,0,0,,,,,,,,,,,,,,3235555431
,,,2018-09-28 12:02:29.892,295,,,austin,Austin,3.0,0,,,3.0,,,Edgar,,cc:295,,6503333333,177.0,,,eaustin@acmeins.com,0315@hotmail.com,,,2,,,,,,13,,,0,0,10001.0,0,,,,,,0,,,,,,,,,,,,0,,,1.0,,1.0,,edgar,,,,,,,,,,,2018-09-28 12:02:29.892,1.0,235.0,,,0,0,,,,,,,,,,,,,,3235555432
,,,2018-09-28 12:02:29.892,296,,,harness,Harness,3.0,0,,,3.0,,,Clara,,cc:296,,6503333333,178.0,,,charness@acmeins.com,0317@hotmail.com,,,2,,,,,,13,,,0,0,10001.0,0,,,,,,0,,,,,,,,,,,,0,,,1.0,,1.0,,clara,,,,,,,,,,,2018-09-28 12:02:29.892,1.0,235.0,,,0,0,,,,,,,,,,,,,,3235555433
,,,2018-09-28 12:02:29.892,297,,,cirillo,Cirillo,3.0,0,,,3.0,,,Domenic,,cc:297,,6503333333,179.0,,,dcirillo@acmeins.com,0319@hotmail.com,,,2,,,,,,13,,,0,0,10001.0,0,,,,,,0,,,,,,,,,,,,0,,,1.0,,1.0,,domenic,,,,,,,,,,,2018-09-28 12:02:29.892,1.0,235.0,,,0,0,,,,,,,,,,,,,,3235555434
,,acme insurance,2018-09-28 12:02:29.892,137,,,,,3.0,0,,,3.0,,,,,demo_sample:20000,,,19.0,,,info@acmeins.com,0000@hotmail.com,,,2,,,2135551213,,,2,,,0,0,,0,,,Acme Insurance,,,0,,,,,,,,,,,,0,,,1.0,,1.0,,,,,,,,,,,,,2018-09-28 12:02:29.892,1.0,,,,0,0,,,,,,,,,,,,,,
,,bresnahan insurance agency,2018-09-28 12:02:29.892,138,,,,,3.0,0,,,3.0,,,,,trucking:20001,,,20.0,,,0000@guidewire.com,0000@hotmail.com,,,2,,,,,,2,,,0,0,,0,,,Bresnahan Insurance Agency,,,0,,,,,,,,,,,,0,,,1.0,,1.0,,,,,,,,,,,,,2018-09-28 12:02:29.892,1.0,,,,0,0,,,,,,,,,,,,,,
,,,2018-09-28 15:31:58.057,304,,,albertson,Albertson,3.0,1,,,3.0,,,John,,cc:304,,6503333333,203.0,,,0000@guidewire.com,0000@hotmail.com,,,2,,,,,,1,,,0,0,,0,,,,,,0,,,,,,,,,,,,0,,,1.0,,3.0,,john,,,,,10005.0,,,,,,2018-09-28 15:31:09.614,1.0,235.0,,,0,0,,,,,,,,,,,,,,2134576540
,,citi mortgage,2018-09-28 15:33:53.989,306,,,,,3.0,0,,,3.0,,,,,cc:306,,,208.0,,,0000@guidewire.com,0000@hotmail.com,,,2,,,,,,2,,,0,0,,0,,,Citi Mortgage,,,0,,,,,,,,,,,,0,,,,,1.0,,,,,,,,,,,,,2018-09-28 15:33:53.989,1.0,,,,0,0,,,,,,,,,,,,,,3092349876
,,gmac,2018-09-28 15:33:53.989,308,,,,,3.0,0,,,3.0,,,,,cc:308,,,207.0,,,0000@guidewire.com,0000@hotmail.com,,,2,,,,,,2,,,0,0,,0,,,GMAC,,,0,,,,,,,,,,,,0,,,,,1.0,,,,,,,,,,,,,2018-09-28 15:33:53.989,1.0,,,,0,0,,,,,,,,,,,,,,3092349876
,,,2018-09-28 15:35:13.422,307,,,darion,Darion,3.0,1,,,3.0,,,Ken,,cc:307,,6503333333,206.0,,,0000@guidewire.com,0000@hotmail.com,,,2,,,,,,1,,,0,0,,0,,,,,,0,,,,,,,,,,,,0,,,1.0,,1.0,,ken,,,,,10005.0,,,,,,2018-09-28 15:33:53.989,1.0,235.0,,,0,0,,,,,,,,,,,,,,6264739576
,,,2018-09-28 15:35:13.422,309,,,egertson,Egertson,3.0,1,,,3.0,,,Karen,,cc:309,,6503333333,209.0,,,0000@guidewire.com,0000@hotmail.com,,,2,,,,,,1,,,0,0,,0,,,,,,0,,,,,,,,,,,,0,,,1.0,,1.0,,karen,,,,,10005.0,,,,,,2018-09-28 15:33:53.989,1.0,235.0,,,0,0,,,,,,,,,,,,,,2134576378
,,citi mortgage,2018-09-28 15:50:38.944,310,,,,,3.0,0,,,3.0,,,,,cc:310,,,215.0,,,0000@guidewire.com,0000@hotmail.com,,,2,,,,,,2,,,0,0,,0,,,Citi Mortgage,,,0,,,,,,,,,,,,0,,,,,1.0,,,,,,,,,,,,,2018-09-28 15:50:38.944,1.0,,,,0,0,,,,,,,,,,,,,,3092349876
,,gmac,2018-09-28 15:50:38.944,312,,,,,3.0,0,,,3.0,,,,,cc:312,,,214.0,,,0000@guidewire.com,0000@hotmail.com,,,2,,,,,,2,,,0,0,,0,,,GMAC,,,0,,,,,,,,,,,,0,,,,,1.0,,,,,,,,,,,,,2018-09-28 15:50:38.944,1.0,,,,0,0,,,,,,,,,,,,,,3092349876
,,,2018-09-28 15:52:04.261,311,,,darion,Darion,3.0,1,,,3.0,,,Ken,,cc:311,,6503333333,213.0,,,0000@guidewire.com,0000@hotmail.com,,,2,,,,,,1,,,0,0,,0,,,,,,0,,,,,,,,,,,,0,,,1.0,,1.0,,ken,,,,,10005.0,,,,,,2018-09-28 15:50:38.944,1.0,235.0,,,0,0,,,,,,,,,,,,,,6264739576
,,,2018-09-28 15:52:04.261,313,,,egertson,Egertson,3.0,1,,,3.0,,,Karen,,cc:313,,6503333333,216.0,,,0000@guidewire.com,0000@hotmail.com,,,2,,,,,,1,,,0,0,,0,,,,,,0,,,,,,,,,,,,0,,,1.0,,1.0,,karen,,,,,10005.0,,,,,,2018-09-28 15:50:38.944,1.0,235.0,,,0,0,,,,,,,,,,,,,,2134576378
,4567890-5445-0987654,test medical care,2018-09-28 15:52:07.294,314,,,,,3.0,2,,,2.0,,,,,cc:314,,,217.0,,ab:503,,,,,2,,,,,,12,,,0,0,,0,,,Test Medical Care,,,0,,,,,,,,,,,,0,,,1.0,,,,,,,,,,,,,,,2018-09-28 15:52:01.997,1.0,,,,0,0,,,,,,,,,,,,,,
,,,2018-09-28 15:54:18.640,315,,,albertson,Albertson,3.0,1,,,3.0,,,John,,cc:315,,6503333333,219.0,,,0000@guidewire.com,0000@hotmail.com,,,2,,,,,,1,,,0,0,,0,,,,,,0,,,,,,,,,,,,0,,,1.0,,3.0,,john,,,,,10005.0,,,,,,2018-09-28 15:52:58.113,1.0,235.0,,,0,0,,,,,,,,,,,,,,2134576540
,4567890-5445-0987654,test medical care,2018-09-28 15:54:18.640,316,,,,,3.0,1,,,3.0,,,,,cc:316,,,220.0,,ab:503,,,,,2,,,,,,12,,,0,0,,0,,,Test Medical Care,,,0,,,,,,,,,,,,0,,,1.0,,,,,,,,,,,,,,,2018-09-28 15:54:17.180,1.0,,,,0,0,,,,,,,,,,,,,,
,,,2018-09-28 15:56:24.785,317,,,albertson,Albertson,3.0,1,,,3.0,,,John,,cc:317,,6503333333,222.0,,,0000@guidewire.com,0000@hotmail.com,,,2,,,,,,1,,,0,0,,0,,,,,,0,,,,,,,,,,,,0,,,1.0,,3.0,,john,,,,,10005.0,,,,,,2018-09-28 15:55:08.537,1.0,235.0,,,0,0,,,,,,,,,,,,,,2134576540
,4567890-5445-0987654,test medical care,2018-09-28 15:56:24.785,318,,,,,3.0,1,,,3.0,,,,,cc:318,,,223.0,,ab:503,,,,,2,,,,,,12,,,0,0,,0,,,Test Medical Care,,,0,,,,,,,,,,,,0,,,1.0,,,,,,,,,,,,,,,2018-09-28 15:56:23.335,1.0,,,,0,0,,,,,,,,,,,,,,
,,,2018-09-28 16:15:44.972,319,,,albertson,Albertson,174.0,1,,,174.0,,,John,,cc:319,,6503333333,228.0,,,0000@guidewire.com,0000@hotmail.com,,,2,,,,,,1,,,0,0,,0,,,,,,0,,,,,,,,,,,,0,,,1.0,,3.0,,john,,,,,10005.0,,,,,,2018-09-28 16:13:20.726,1.0,235.0,,,0,0,,,,,,,,,,,,,,2134576540
,,citi mortgage,2018-09-30 19:39:23.707,403,,,,,3.0,0,,,3.0,,,,,cc:403,,,303.0,,,0000@guidewire.com,0000@hotmail.com,,,2,,,,,,2,,,0,0,,0,,,Citi Mortgage,,,0,,,,,,,,,,,,0,,,,,1.0,,,,,,,,,,,,,2018-09-30 19:39:23.707,1.0,,,,0,0,,,,,,,,,,,,,,3092349876
,,gmac,2018-09-30 19:39:23.707,405,,,,,3.0,0,,,3.0,,,,,cc:405,,,301.0,,,0000@guidewire.com,0000@hotmail.com,,,2,,,,,,2,,,0,0,,0,,,GMAC,,,0,,,,,,,,,,,,0,,,,,1.0,,,,,,,,,,,,,2018-09-30 19:39:23.707,1.0,,,,0,0,,,,,,,,,,,,,,3092349876
,,,2018-09-30 19:40:21.816,404,,,darion,Darion,3.0,1,,,3.0,,,Ken,,cc:404,,6503333333,302.0,,,0000@guidewire.com,0000@hotmail.com,,,2,,,,,,1,,,0,0,,0,,,,,,0,,,,,,,,,,,,0,,,1.0,,1.0,,ken,,,,,10005.0,,,,,,2018-09-30 19:39:23.707,1.0,235.0,,,0,0,,,,,,,,,,,,,,6264739576
,,,2018-09-30 19:40:21.816,406,,,egertson,Egertson,3.0,1,,,3.0,,,Karen,,cc:406,,6503333333,304.0,,,0000@guidewire.com,0000@hotmail.com,,,2,,,,,,1,,,0,0,,0,,,,,,0,,,,,,,,,,,,0,,,1.0,,1.0,,karen,,,,,10005.0,,,,,,2018-09-30 19:39:23.707,1.0,235.0,,,0,0,,,,,,,,,,,,,,2134576378
,,,2018-09-30 19:45:08.051,408,,,albertson,Albertson,3.0,1,,,3.0,,,John,,cc:408,,6503333333,307.0,,,0000@guidewire.com,0000@hotmail.com,,,2,,,,,,1,,,0,0,,0,,,,,,0,,,,,,,,,,,,0,,,1.0,,3.0,,john,,,,,10005.0,,,,,,2018-09-30 19:43:56.532,1.0,235.0,,,0,0,,,,,,,,,,,,,,2134576540
,,,2018-09-30 20:06:24.727,420,,,albertson,Albertson,3.0,1,,,3.0,,,John,,cc:420,,6503333333,321.0,,,0000@guidewire.com,0000@hotmail.com,,,2,,,,,,1,,,0,0,,0,,,,,,0,,,,,,,,,,,,0,,,1.0,,3.0,,john,,,,,10005.0,,,,,,2018-09-30 19:59:59.101,1.0,235.0,,,0,0,,,,,,,,,,,,,,2134576540
,1567890-2112-0987651,janatha repairers,2018-09-30 20:26:14.850,422,,,,,3.0,2,,,2.0,,,,,cc:422,,,327.0,,ab:601,,,,,2,,,,,,14,,,0,0,,0,,,Janatha Repairers,,,0,,,,,,,,,,,,0,,,1.0,,,,,,,,,,,,,,,2018-09-30 20:16:44.493,1.0,,,,0,0,,,,,,,,,,,,,,
,,,2018-09-30 22:12:24.593,429,,,albertson,Albertson,3.0,1,,,3.0,,,John,,cc:429,,6503333333,336.0,,,0000@guidewire.com,0000@hotmail.com,,,2,,,,,,1,,,0,0,,0,,,,,,0,,,,,,,,,,,,0,,,1.0,,3.0,,john,,,,,10005.0,,,,,,2018-09-30 22:11:39.627,1.0,235.0,,,0,0,,,,,,,,,,,,,,2134576540
,,citi mortgage,2018-10-04 11:48:42.159,605,,,,,3.0,0,,,3.0,,,,,cc:605,,,507.0,,,0000@guidewire.com,0000@hotmail.com,,,2,,,,,,2,,,0,0,,0,,,Citi Mortgage,,,0,,,,,,,,,,,,0,,,,,1.0,,,,,,,,,,,,,2018-10-04 11:48:42.159,1.0,,,,0,0,,,,,,,,,,,,,,3092349876
,,gmac,2018-10-04 11:48:42.159,607,,,,,3.0,0,,,3.0,,,,,cc:607,,,505.0,,,0000@guidewire.com,0000@hotmail.com,,,2,,,,,,2,,,0,0,,0,,,GMAC,,,0,,,,,,,,,,,,0,,,,,1.0,,,,,,,,,,,,,2018-10-04 11:48:42.159,1.0,,,,0,0,,,,,,,,,,,,,,3092349876
,,,2018-10-04 11:50:15.147,606,,,darion,Darion,3.0,1,,,3.0,,,Ken,,cc:606,,6503333333,504.0,,,0000@guidewire.com,0000@hotmail.com,,,2,,,,,,1,,,0,0,,0,,,,,,0,,,,,,,,,,,,0,,,1.0,,1.0,,ken,,,,,10005.0,,,,,,2018-10-04 11:48:42.159,1.0,235.0,,,0,0,,,,,,,,,,,,,,6264739576
,,citi mortgage,2018-09-30 19:53:47.056,415,,,,,3.0,0,,,3.0,,,,,cc:415,,,319.0,,,0000@guidewire.com,0000@hotmail.com,,,2,,,,,,2,,,0,0,,0,,,Citi Mortgage,,,0,,,,,,,,,,,,0,,,,,1.0,,,,,,,,,,,,,2018-09-30 19:53:47.056,1.0,,,,0,0,,,,,,,,,,,,,,3092349876
,,gmac,2018-09-30 19:53:47.056,417,,,,,3.0,0,,,3.0,,,,,cc:417,,,317.0,,,0000@guidewire.com,0000@hotmail.com,,,2,,,,,,2,,,0,0,,0,,,GMAC,,,0,,,,,,,,,,,,0,,,,,1.0,,,,,,,,,,,,,2018-09-30 19:53:47.056,1.0,,,,0,0,,,,,,,,,,,,,,3092349876
,,,2018-09-30 19:59:21.376,416,,,darion,Darion,3.0,1,,,3.0,,,Ken,,cc:416,,6503333333,318.0,,,0000@guidewire.com,0000@hotmail.com,,,2,,,,,,1,,,0,0,,0,,,,,,0,,,,,,,,,,,,0,,,1.0,,1.0,,ken,,,,,10005.0,,,,,,2018-09-30 19:53:47.056,1.0,235.0,,,0,0,,,,,,,,,,,,,,6264739576
,,,2018-09-30 19:59:21.376,418,,,egertson,Egertson,3.0,1,,,3.0,,,Karen,,cc:418,,6503333333,320.0,,,0000@guidewire.com,0000@hotmail.com,,,2,,,,,,1,,,0,0,,0,,,,,,0,,,,,,,,,,,,0,,,1.0,,1.0,,karen,,,,,10005.0,,,,,,2018-09-30 19:53:47.056,1.0,235.0,,,0,0,,,,,,,,,,,,,,2134576378
,1567890-2112-0987651,janatha repairers,2018-10-01 11:18:58.956,505,,,,,3.0,0,,,3.0,,,,,cc:505,,,407.0,,ab:601,,,,,2,,,,,,14,,,0,0,,0,,,Janatha Repairers,,,0,,,,,,,,,,,,0,,,1.0,,,,,,,,,,,,,,,2018-10-01 11:18:58.956,1.0,,,,0,0,,,,,,,,,,,,,,
,4567890-5445-0987654,test medical care,2018-10-01 11:31:43.372,507,,,,,178.0,0,,,178.0,,,,,cc:507,,,413.0,,ab:503,,,,,2,,,,,,12,,,0,0,,0,,,Test Medical Care,,,0,,,,,,,,,,,,0,,,1.0,,,,,,,,,,,,,,,2018-10-01 11:31:43.372,1.0,,,,0,0,,,,,,,,,,,,,,
,,citi mortgage,2018-10-04 12:00:20.580,613,,,,,3.0,0,,,3.0,,,,,cc:613,,,516.0,,,0000@guidewire.com,0000@hotmail.com,,,2,,,,,,2,,,0,0,,0,,,Citi Mortgage,,,0,,,,,,,,,,,,0,,,,,1.0,,,,,,,,,,,,,2018-10-04 12:00:20.580,1.0,,,,0,0,,,,,,,,,,,,,,3092349876
,,gmac,2018-10-04 12:00:20.580,615,,,,,3.0,0,,,3.0,,,,,cc:615,,,514.0,,,0000@guidewire.com,0000@hotmail.com,,,2,,,,,,2,,,0,0,,0,,,GMAC,,,0,,,,,,,,,,,,0,,,,,1.0,,,,,,,,,,,,,2018-10-04 12:00:20.580,1.0,,,,0,0,,,,,,,,,,,,,,3092349876
,,,2018-10-04 12:02:58.085,614,,,darion,Darion,3.0,1,,,3.0,,,Ken,,cc:614,,6503333333,513.0,,,0000@guidewire.com,0000@hotmail.com,,,2,,,,,,1,,,0,0,,0,,,,,,0,,,,,,,,,,,,0,,,1.0,,1.0,,ken,,,,,10005.0,,,,,,2018-10-04 12:00:20.580,1.0,235.0,,,0,0,,,,,,,,,,,,,,6264739576
,,,2018-10-04 12:02:58.085,616,,,egertson,Egertson,3.0,1,,,3.0,,,Karen,,cc:616,,6503333333,515.0,,,0000@guidewire.com,0000@hotmail.com,,,2,,,,,,1,,,0,0,,0,,,,,,0,,,,,,,,,,,,0,,,1.0,,1.0,,karen,,,,,10005.0,,,,,,2018-10-04 12:00:20.580,1.0,235.0,,,0,0,,,,,,,,,,,,,,2134576378
235.0,1652852-8448-2582561,jasperlode precious stones,2018-10-04 12:02:47.074,617,,,,,177.0,0,,,177.0,,,,,cc:617,,,519.0,,ab:330,,,,,2,,,5105466645,,,2,,,0,0,,0,,,Jasperlode Precious Stones,,,0,,,,,,,,,,,,0,,,1.0,,,,,,,,,,A,,,,235.0,2018-10-04 12:02:47.074,1.0,,,,0,0,,,,,,,,,,,,,235.0,5105466639
,,,2018-10-04 12:13:05.285,618,,,albertson,Albertson,177.0,1,,,177.0,,,John,,cc:618,,6503333333,522.0,,,0000@guidewire.com,0000@hotmail.com,,,2,,,,,,1,,,0,0,,0,,,,,,0,,,,,,,,,,,,0,,,1.0,,3.0,,john,,,,,10005.0,,,,,,2018-10-04 12:12:15.284,1.0,235.0,,,0,0,,,,,,,,,,,,,,2134576540
,,citi mortgage,2018-10-04 12:27:14.524,629,,,,,177.0,0,,,177.0,,,,,cc:629,,,560.0,,,0000@guidewire.com,0000@hotmail.com,,,2,,,,,,2,,,0,0,,0,,,Citi Mortgage,,,0,,,,,,,,,,,,0,,,,,1.0,,,,,,,,,,,,,2018-10-04 12:27:14.524,1.0,,,,0,0,,,,,,,,,,,,,,3092349876
,,gmac,2018-10-04 12:27:14.524,631,,,,,177.0,0,,,177.0,,,,,cc:631,,,558.0,,,0000@guidewire.com,0000@hotmail.com,,,2,,,,,,2,,,0,0,,0,,,GMAC,,,0,,,,,,,,,,,,0,,,,,1.0,,,,,,,,,,,,,2018-10-04 12:27:14.524,1.0,,,,0,0,,,,,,,,,,,,,,3092349876
,,,2018-10-04 12:28:00.653,630,,,darion,Darion,177.0,1,,,177.0,,,Ken,,cc:630,,6503333333,557.0,,,0000@guidewire.com,0000@hotmail.com,,,2,,,,,,1,,,0,0,,0,,,,,,0,,,,,,,,,,,,0,,,1.0,,1.0,,ken,,,,,10005.0,,,,,,2018-10-04 12:27:14.524,1.0,235.0,,,0,0,,,,,,,,,,,,,,6264739576
,,,2018-10-04 12:28:00.653,632,,,egertson,Egertson,177.0,1,,,177.0,,,Karen,,cc:632,,6503333333,559.0,,,0000@guidewire.com,0000@hotmail.com,,,2,,,,,,1,,,0,0,,0,,,,,,0,,,,,,,,,,,,0,,,1.0,,1.0,,karen,,,,,10005.0,,,,,,2018-10-04 12:27:14.524,1.0,235.0,,,0,0,,,,,,,,,,,,,,2134576378
,,citi mortgage,2018-10-04 12:54:01.565,639,,,,,3.0,0,,,3.0,,,,,cc:639,,,578.0,,,0000@guidewire.com,0000@hotmail.com,,,2,,,,,,2,,,0,0,,0,,,Citi Mortgage,,,0,,,,,,,,,,,,0,,,,,1.0,,,,,,,,,,,,,2018-10-04 12:54:01.565,1.0,,,,0,0,,,,,,,,,,,,,,3092349876
,,gmac,2018-10-04 12:54:01.565,641,,,,,3.0,0,,,3.0,,,,,cc:641,,,576.0,,,0000@guidewire.com,0000@hotmail.com,,,2,,,,,,2,,,0,0,,0,,,GMAC,,,0,,,,,,,,,,,,0,,,,,1.0,,,,,,,,,,,,,2018-10-04 12:54:01.565,1.0,,,,0,0,,,,,,,,,,,,,,3092349876
,,,2018-10-04 12:54:48.299,640,,,darion,Darion,3.0,1,,,3.0,,,Ken,,cc:640,,6503333333,575.0,,,0000@guidewire.com,0000@hotmail.com,,,2,,,,,,1,,,0,0,,0,,,,,,0,,,,,,,,,,,,0,,,1.0,,1.0,,ken,,,,,10005.0,,,,,,2018-10-04 12:54:01.565,1.0,235.0,,,0,0,,,,,,,,,,,,,,6264739576
,,,2018-10-04 12:54:48.299,642,,,egertson,Egertson,3.0,1,,,3.0,,,Karen,,cc:642,,6503333333,577.0,,,0000@guidewire.com,0000@hotmail.com,,,2,,,,,,1,,,0,0,,0,,,,,,0,,,,,,,,,,,,0,,,1.0,,1.0,,karen,,,,,10005.0,,,,,,2018-10-04 12:54:01.565,1.0,235.0,,,0,0,,,,,,,,,,,,,,2134576378
235.0,,,2018-10-04 12:58:59.509,648,,,johnson,Johnson,3.0,0,,,3.0,,,Ernesto,,cc:648,,,592.0,,ab:201,,,,,2,,,,,,1,,,0,0,,0,,,,,,0,,,,,,,,,,F,,0,,,1.0,,2.0,,ernesto,,,,,,,,,,235.0,2018-10-04 12:58:59.509,1.0,235.0,,,0,0,,,,,,,,,,,6506715836,,235.0,5105821682
,,,2018-10-04 13:01:19.194,649,,,albertson,Albertson,3.0,1,,,3.0,,,John,,cc:649,,6503333333,594.0,,,0000@guidewire.com,0000@hotmail.com,,,2,,,,,,1,,,0,0,,0,,,,,,0,,,,,,,,,,,,0,,,1.0,,3.0,,john,,,,,10005.0,,,,,,2018-10-04 12:59:27.913,1.0,235.0,,,0,0,,,,,,,,,,,,,,2134576540
235.0,2941-95-014410-59-1492,,2018-10-04 13:10:51.421,651,,,logan,Logan,174.0,0,,,174.0,,,Carol,,cc:651,,4082582581,597.0,,ab:294,,,,,2,,,,,,1,,,0,0,,0,,,,,,0,,,,,,,,,,T,,0,,,1.0,,2.0,,carol,,,,,,,,,,235.0,2018-10-04 13:10:51.421,1.0,235.0,G4514149,,0,0,1968-01-22 00:00:00.000,,,,,,,,,,4083992459,10013.0,235.0,4086583921
,,,2018-10-04 13:12:46.449,652,,,albertson,Albertson,174.0,1,,,174.0,,,John,,cc:652,,6503333333,599.0,,,0000@guidewire.com,0000@hotmail.com,,,2,,,,,,1,,,0,0,,0,,,,,,0,,,,,,,,,,,,0,,,1.0,,3.0,,john,,,,,10005.0,,,,,,2018-10-04 13:11:12.689,1.0,235.0,,,0,0,,,,,,,,,,,,,,2134576540
,,,2018-09-30 21:40:11.242,423,,,albertson,Albertson,3.0,1,,,3.0,,,John,,cc:423,,6503333333,328.0,,,0000@guidewire.com,0000@hotmail.com,,,2,,,,,,1,,,0,0,,0,,,,,,0,,,,,,,,,,,,0,,,1.0,,3.0,,john,,,,,10005.0,,,,,,2018-09-30 20:26:48.536,1.0,235.0,,,0,0,,,,,,,,,,,,,,2134576540
,1567890-2112-0987651,janatha repairers,2018-10-01 11:10:27.859,504,,,,,3.0,0,,,3.0,,,,,cc:504,,,404.0,,ab:601,,,,,2,,,,,,14,,,0,0,,0,,,Janatha Repairers,,,0,,,,,,,,,,,,0,,,1.0,,,,,,,,,,,,,,,2018-10-01 11:10:27.859,1.0,,,,0,0,,,,,,,,,,,,,,
,,citi mortgage,2018-10-04 11:52:51.892,609,,,,,3.0,0,,,3.0,,,,,cc:609,,,511.0,,,0000@guidewire.com,0000@hotmail.com,,,2,,,,,,2,,,0,0,,0,,,Citi Mortgage,,,0,,,,,,,,,,,,0,,,,,1.0,,,,,,,,,,,,,2018-10-04 11:52:51.892,1.0,,,,0,0,,,,,,,,,,,,,,3092349876
,,gmac,2018-10-04 11:52:51.892,611,,,,,3.0,0,,,3.0,,,,,cc:611,,,509.0,,,0000@guidewire.com,0000@hotmail.com,,,2,,,,,,2,,,0,0,,0,,,GMAC,,,0,,,,,,,,,,,,0,,,,,1.0,,,,,,,,,,,,,2018-10-04 11:52:51.892,1.0,,,,0,0,,,,,,,,,,,,,,3092349876
,,,2018-10-04 11:55:18.713,610,,,darion,Darion,3.0,1,,,3.0,,,Ken,,cc:610,,6503333333,508.0,,,0000@guidewire.com,0000@hotmail.com,,,2,,,,,,1,,,0,0,,0,,,,,,0,,,,,,,,,,,,0,,,1.0,,1.0,,ken,,,,,10005.0,,,,,,2018-10-04 11:52:51.892,1.0,235.0,,,0,0,,,,,,,,,,,,,,6264739576
,,,2018-10-04 11:55:18.713,612,,,egertson,Egertson,3.0,1,,,3.0,,,Karen,,cc:612,,6503333333,510.0,,,0000@guidewire.com,0000@hotmail.com,,,2,,,,,,1,,,0,0,,0,,,,,,0,,,,,,,,,,,,0,,,1.0,,1.0,,karen,,,,,10005.0,,,,,,2018-10-04 11:52:51.892,1.0,235.0,,,0,0,,,,,,,,,,,,,,2134576378
235.0,4917273-7997-3727194,hollister muffler and quick lube,2018-10-04 12:13:05.285,619,,,,,177.0,1,,,177.0,,,,,cc:619,,,524.0,,ab:83,,,,,2,,,,,,6,,,0,0,,0,,,Hollister Muffler and Quick Lube,,,0,,,,,,,,,,,,0,,,1.0,,1.0,,,,,,,,,,,,235.0,2018-10-04 12:13:03.059,1.0,,,,0,0,,,,,,,,,,,,,235.0,
,,,2018-10-04 12:20:20.623,620,,,albertson,Albertson,177.0,1,,,177.0,,,John,,cc:620,,6503333333,528.0,,,0000@guidewire.com,0000@hotmail.com,,,2,,,,,,1,,,0,0,,0,,,,,,0,,,,,,,,,,,,0,,,1.0,,3.0,,john,,,,,10005.0,,,,,,2018-10-04 12:19:03.525,1.0,235.0,,,0,0,,,,,,,,,,,,,,2134576540
235.0,6124185-0440-5814216,campbell auto,2018-10-04 12:20:20.623,621,,,,,177.0,1,,,177.0,,,,2010-04-01 00:00:00.000,cc:621,,,530.0,,ab:323,,,,,2,,,,,,6,,,0,0,,0,,,Campbell Auto,,,0,,50.0,,,2011-03-31 00:00:00.000,,,,,,,0,,,1.0,,,2010-05-09 00:00:00.000,,,,,,,B,,,654654654654-12345,235.0,2018-10-04 12:20:18.310,1.0,,,,0,0,,,,,,,,,,,,,235.0,4085821823
235.0,3470000-0000-0000743,campbell auto co,2018-10-04 12:21:30.965,622,,,,,177.0,0,,,177.0,,,,,cc:622,,,533.0,,ab:250,,,,,2,,,4085821864,,,6,,,0,0,,0,,,Campbell Auto Co,,,0,,,,,,,,,,,,0,,,1.0,,,,,,,,,,G,,,,235.0,2018-10-04 12:21:30.965,1.0,,,,0,0,,,,,,,,,,,,,235.0,
235.0,9649-65-175571-56-9469,,2018-10-04 12:24:00.228,627,,,grant,Grant,177.0,1,,,177.0,,,Steve,,cc:627,,6505895662,539.0,,ab:304,,,,,2,,,,,,1,,,0,0,,0,,,,,,0,,,,,,,,,,P,,0,,,1.0,,2.0,,steve,,,,,10005.0,,,,,235.0,2018-10-04 12:23:57.883,1.0,235.0,G4894103,,0,0,1974-12-02 00:00:00.000,,,,,,,,,,5105891856,10013.0,235.0,
,,citi mortgage,2018-10-04 12:30:47.165,633,,,,,178.0,0,,,178.0,,,,,cc:633,,,565.0,,,0000@guidewire.com,0000@hotmail.com,,,2,,,,,,2,,,0,0,,0,,,Citi Mortgage,,,0,,,,,,,,,,,,0,,,,,1.0,,,,,,,,,,,,,2018-10-04 12:30:47.165,1.0,,,,0,0,,,,,,,,,,,,,,3092349876
,,gmac,2018-10-04 12:30:47.165,635,,,,,178.0,0,,,178.0,,,,,cc:635,,,563.0,,,0000@guidewire.com,0000@hotmail.com,,,2,,,,,,2,,,0,0,,0,,,GMAC,,,0,,,,,,,,,,,,0,,,,,1.0,,,,,,,,,,,,,2018-10-04 12:30:47.165,1.0,,,,0,0,,,,,,,,,,,,,,3092349876
,,,2018-10-04 12:32:29.491,634,,,darion,Darion,178.0,1,,,178.0,,,Ken,,cc:634,,6503333333,562.0,,,0000@guidewire.com,0000@hotmail.com,,,2,,,,,,1,,,0,0,,0,,,,,,0,,,,,,,,,,,,0,,,1.0,,1.0,,ken,,,,,10005.0,,,,,,2018-10-04 12:30:47.165,1.0,235.0,,,0,0,,,,,,,,,,,,,,6264739576
,,,2018-10-04 12:32:29.491,636,,,egertson,Egertson,178.0,1,,,178.0,,,Karen,,cc:636,,6503333333,564.0,,,0000@guidewire.com,0000@hotmail.com,,,2,,,,,,1,,,0,0,,0,,,,,,0,,,,,,,,,,,,0,,,1.0,,1.0,,karen,,,,,10005.0,,,,,,2018-10-04 12:30:47.165,1.0,235.0,,,0,0,,,,,,,,,,,,,,2134576378
,,,2018-10-04 12:36:09.689,637,,,albertson,Albertson,178.0,1,,,178.0,,,John,,cc:637,,6503333333,568.0,,,0000@guidewire.com,0000@hotmail.com,,,2,,,,,,1,,,0,0,,0,,,,,,0,,,,,,,,,,,,0,,,1.0,,3.0,,john,,,,,10005.0,,,,,,2018-10-04 12:35:33.594,1.0,235.0,,,0,0,,,,,,,,,,,,,,2134576540
235.0,7581-86-195591-68-1857,,2018-10-04 12:56:04.122,643,,,johnson,Johnson,3.0,0,,,3.0,,,Ernest,,cc:643,,6503688316,581.0,,ab:299,,,,,2,,,,,,1,,,0,0,,0,,,,,,0,,,,,,,,,,E,,0,,,1.0,,2.0,,ernest,,,,,,,,,,235.0,2018-10-04 12:56:04.122,1.0,235.0,J3581056,,0,0,1971-06-02 00:00:00.000,,,,,,,,,,6506715836,10013.0,235.0,5105821682
,,citi mortgage,2018-10-04 12:56:23.468,644,,,,,3.0,0,,,3.0,,,,,cc:644,,,586.0,,,0000@guidewire.com,0000@hotmail.com,,,2,,,,,,2,,,0,0,,0,,,Citi Mortgage,,,0,,,,,,,,,,,,0,,,,,1.0,,,,,,,,,,,,,2018-10-04 12:56:23.468,1.0,,,,0,0,,,,,,,,,,,,,,3092349876
,,gmac,2018-10-04 12:56:23.468,646,,,,,3.0,0,,,3.0,,,,,cc:646,,,584.0,,,0000@guidewire.com,0000@hotmail.com,,,2,,,,,,2,,,0,0,,0,,,GMAC,,,0,,,,,,,,,,,,0,,,,,1.0,,,,,,,,,,,,,2018-10-04 12:56:23.468,1.0,,,,0,0,,,,,,,,,,,,,,3092349876
,,,2018-10-04 12:57:35.311,645,,,darion,Darion,3.0,1,,,3.0,,,Ken,,cc:645,,6503333333,583.0,,,0000@guidewire.com,0000@hotmail.com,,,2,,,,,,1,,,0,0,,0,,,,,,0,,,,,,,,,,,,0,,,1.0,,1.0,,ken,,,,,10005.0,,,,,,2018-10-04 12:56:23.468,1.0,235.0,,,0,0,,,,,,,,,,,,,,6264739576
,,,2018-10-04 12:57:35.311,647,,,egertson,Egertson,3.0,1,,,3.0,,,Karen,,cc:647,,6503333333,585.0,,,0000@guidewire.com,0000@hotmail.com,,,2,,,,,,1,,,0,0,,0,,,,,,0,,,,,,,,,,,,0,,,1.0,,1.0,,karen,,,,,10005.0,,,,,,2018-10-04 12:56:23.468,1.0,235.0,,,0,0,,,,,,,,,,,,,,2134576378
235.0,,,2018-10-04 13:13:49.494,653,,,logan,Logan,174.0,0,,,174.0,,,Carole,,cc:653,,,604.0,,ab:192,,,,,2,,,,,,1,,,0,0,,0,,,,,,0,,,,,,,,,,W,,0,,,1.0,,,,carole,,,,,,,,,,235.0,2018-10-04 13:13:49.494,1.0,235.0,,,0,0,1968-01-22 00:00:00.000,,,,,,,,,,,,235.0,
,1567890-2112-0987651,janatha repairers,2018-10-01 11:04:17.502,503,,,,,3.0,0,,,3.0,,,,,cc:503,,,402.0,,ab:601,,,,,2,,,,,,14,,,0,0,,0,,,Janatha Repairers,,,0,,,,,,,,,,,,0,,,1.0,,,,,,,,,,,,,,,2018-10-01 11:04:17.502,1.0,,,,0,0,,,,,,,,,,,,,,
,,,2018-10-01 13:27:33.805,509,,,albertson,Albertson,3.0,1,,,3.0,,,John,,cc:509,,6503333333,424.0,,,0000@guidewire.com,0000@hotmail.com,,,2,,,,,,1,,,0,0,,0,,,,,,0,,,,,,,,,,,,0,,,1.0,,3.0,,john,,,,,10005.0,,,,,,2018-10-01 13:22:50.095,1.0,235.0,,,0,0,,,,,,,,,,,,,,2134576540
,,,2018-10-04 11:32:16.796,603,,,albertson,Albertson,3.0,1,,,3.0,,,John,,cc:603,,6503333333,501.0,,,0000@guidewire.com,0000@hotmail.com,,,2,,,,,,1,,,0,0,,0,,,,,,0,,,,,,,,,,,,0,,,1.0,,3.0,,john,,,,,10005.0,,,,,,2018-10-04 11:18:19.144,1.0,235.0,,,0,0,,,,,,,,,,,,,,2134576540
,,,2018-10-04 11:50:15.147,608,,,egertson,Egertson,3.0,1,,,3.0,,,Karen,,cc:608,,6503333333,506.0,,,0000@guidewire.com,0000@hotmail.com,,,2,,,,,,1,,,0,0,,0,,,,,,0,,,,,,,,,,,,0,,,1.0,,1.0,,karen,,,,,10005.0,,,,,,2018-10-04 11:48:42.159,1.0,235.0,,,0,0,,,,,,,,,,,,,,2134576378
,,citi mortgage,2018-10-04 12:22:22.957,623,,,,,177.0,0,,,177.0,,,,,cc:623,,,538.0,,,0000@guidewire.com,0000@hotmail.com,,,2,,,,,,2,,,0,0,,0,,,Citi Mortgage,,,0,,,,,,,,,,,,0,,,,,1.0,,,,,,,,,,,,,2018-10-04 12:22:22.957,1.0,,,,0,0,,,,,,,,,,,,,,3092349876
,,gmac,2018-10-04 12:22:22.957,625,,,,,177.0,0,,,177.0,,,,,cc:625,,,536.0,,,0000@guidewire.com,0000@hotmail.com,,,2,,,,,,2,,,0,0,,0,,,GMAC,,,0,,,,,,,,,,,,0,,,,,1.0,,,,,,,,,,,,,2018-10-04 12:22:22.957,1.0,,,,0,0,,,,,,,,,,,,,,3092349876
,,,2018-10-04 12:24:00.228,624,,,darion,Darion,177.0,1,,,177.0,,,Ken,,cc:624,,6503333333,535.0,,,0000@guidewire.com,0000@hotmail.com,,,2,,,,,,1,,,0,0,,0,,,,,,0,,,,,,,,,,,,0,,,1.0,,1.0,,ken,,,,,10005.0,,,,,,2018-10-04 12:22:22.957,1.0,235.0,,,0,0,,,,,,,,,,,,,,6264739576
,,,2018-10-04 12:24:00.228,626,,,egertson,Egertson,177.0,1,,,177.0,,,Karen,,cc:626,,6503333333,537.0,,,0000@guidewire.com,0000@hotmail.com,,,2,,,,,,1,,,0,0,,0,,,,,,0,,,,,,,,,,,,0,,,1.0,,1.0,,karen,,,,,10005.0,,,,,,2018-10-04 12:22:22.957,1.0,235.0,,,0,0,,,,,,,,,,,,,,2134576378
235.0,,,2018-10-04 12:25:59.682,628,,,grant,Grant,177.0,0,,,177.0,,,Steven,,cc:628,,,551.0,,ab:216,,,,,2,,,,,,1,,,0,0,,0,,,,,,0,,,,,,,,,,R,,0,,,1.0,,2.0,,steven,,,,,,,,,,235.0,2018-10-04 12:25:59.682,1.0,235.0,G4894103,,0,0,1974-12-02 00:00:00.000,,,,,,,,,,5105891856,10013.0,235.0,
,,,2018-10-04 12:39:31.454,638,,,albertson,Albertson,178.0,1,,,178.0,,,John,,cc:638,,6503333333,571.0,,,0000@guidewire.com,0000@hotmail.com,,,2,,,,,,1,,,0,0,,0,,,,,,0,,,,,,,,,,,,0,,,1.0,,3.0,,john,,,,,10005.0,,,,,,2018-10-04 12:38:11.674,1.0,235.0,,,0,0,,,,,,,,,,,,,,2134576540
,,,2018-10-08 15:37:07.706,650,,,test,Test,3.0,2,,,3.0,,,TestFirst,,cc:650,,,1001.0,,,,,,,2,,,,,,1,,,0,0,,0,,,,,,0,,,,,,,,,,,,0,,,1.0,,,,testfirst,,,,,10005.0,,,,,,2018-10-04 13:01:01.159,1.0,,,,0,0,,,,,,,,,,,,,,
,,pekin motor,2018-09-28 15:18:57.084,303,,,,,3.0,1,,,3.0,,,,,cc:303,,,201.0,,ab:501,,,,,2,,,,,,2,,,0,0,,0,,,Pekin Motor,,,0,,,,,,,,,,,,0,,,1.0,,,,,,,,,,,,,,,2018-09-28 15:17:45.431,1.0,,,,0,0,,,,,,,,,,,,,,
,,,2018-09-28 16:40:41.245,321,,,albertson,Albertson,3.0,1,,,3.0,,,John,,cc:321,,6503333333,233.0,,,0000@guidewire.com,0000@hotmail.com,,,2,,,,,,1,,,0,0,,0,,,,,,0,,,,,,,,,,,,0,,,1.0,,3.0,,john,,,,,10005.0,,,,,,2018-09-28 16:35:29.296,1.0,235.0,,,0,0,,,,,,,,,,,,,,2134576540
,,,2018-09-28 17:09:55.929,331,,,test,Test,3.0,1,,,3.0,,,Test,,cc:331,,,,,,,,,,2,,,,,,1,,,0,0,,0,,,,,,0,,,,,,,,,,,,0,,,1.0,,,,test,,,,,10005.0,,,,,,2018-09-28 17:09:29.086,1.0,,,,0,0,,,,,,,,,,,,,,
,,,2018-09-28 17:17:34.007,333,,,albertson,Albertson,3.0,1,,,3.0,,,John,,cc:333,,6503333333,248.0,,,0000@guidewire.com,0000@hotmail.com,,,2,,,,,,1,,,0,0,,0,,,,,,0,,,,,,,,,,,,0,,,1.0,,3.0,,john,,,,,10005.0,,,,,,2018-09-28 17:14:38.480,1.0,235.0,,,0,0,,,,,,,,,,,,,,2134576540
235.0,3320184-2882-4810233,,2018-09-28 17:17:34.007,334,,,mendoza,Mendoza,3.0,1,,,3.0,,,Diane,2009-01-01 00:00:00.000,cc:334,,,249.0,,ab:227,,,,,2,,,6504923392,,,9,,,0,0,,0,,,,RRR000114411888HH,,0,,,,,2009-12-31 00:00:00.000,,,,,M,,0,,,1.0,,,2009-08-13 00:00:00.000,diane,,,,10006.0,10005.0,,,,,235.0,2018-09-28 17:17:12.868,1.0,,,,0,0,,,,,,,,,,,,,235.0,6504923391
,,,2018-09-28 17:19:09.702,335,,,albertson,Albertson,3.0,1,,,3.0,,,John,,cc:335,,6503333333,252.0,,,0000@guidewire.com,0000@hotmail.com,,,2,,,,,,1,,,0,0,,0,,,,,,0,,,,,,,,,,,,0,,,1.0,,3.0,,john,,,,,10005.0,,,,,,2018-09-28 17:18:04.694,1.0,235.0,,,0,0,,,,,,,,,,,,,,2134576540
,,,2018-09-30 19:43:14.956,407,,,albertson,Albertson,3.0,1,,,3.0,,,John,,cc:407,,6503333333,305.0,,,0000@guidewire.com,0000@hotmail.com,,,2,,,,,,1,,,0,0,,0,,,,,,0,,,,,,,,,,,,0,,,1.0,,3.0,,john,,,,,10005.0,,,,,,2018-09-30 19:40:49.223,1.0,235.0,,,0,0,,,,,,,,,,,,,,2134576540
,,citi mortgage,2018-09-30 19:47:30.953,409,,,,,3.0,0,,,3.0,,,,,cc:409,,,311.0,,,0000@guidewire.com,0000@hotmail.com,,,2,,,,,,2,,,0,0,,0,,,Citi Mortgage,,,0,,,,,,,,,,,,0,,,,,1.0,,,,,,,,,,,,,2018-09-30 19:47:30.953,1.0,,,,0,0,,,,,,,,,,,,,,3092349876
,,gmac,2018-09-30 19:47:30.953,411,,,,,3.0,0,,,3.0,,,,,cc:411,,,309.0,,,0000@guidewire.com,0000@hotmail.com,,,2,,,,,,2,,,0,0,,0,,,GMAC,,,0,,,,,,,,,,,,0,,,,,1.0,,,,,,,,,,,,,2018-09-30 19:47:30.953,1.0,,,,0,0,,,,,,,,,,,,,,3092349876
,,,2018-09-30 19:49:33.584,410,,,darion,Darion,3.0,1,,,3.0,,,Ken,,cc:410,,6503333333,310.0,,,0000@guidewire.com,0000@hotmail.com,,,2,,,,,,1,,,0,0,,0,,,,,,0,,,,,,,,,,,,0,,,1.0,,1.0,,ken,,,,,10005.0,,,,,,2018-09-30 19:47:30.953,1.0,235.0,,,0,0,,,,,,,,,,,,,,6264739576
,,,2018-09-30 19:49:33.584,412,,,egertson,Egertson,3.0,1,,,3.0,,,Karen,,cc:412,,6503333333,312.0,,,0000@guidewire.com,0000@hotmail.com,,,2,,,,,,1,,,0,0,,0,,,,,,0,,,,,,,,,,,,0,,,1.0,,1.0,,karen,,,,,10005.0,,,,,,2018-09-30 19:47:30.953,1.0,235.0,,,0,0,,,,,,,,,,,,,,2134576378
,,,2018-09-30 19:51:14.967,413,,,albertson,Albertson,3.0,1,,,3.0,,,John,,cc:413,,6503333333,313.0,,,0000@guidewire.com,0000@hotmail.com,,,2,,,,,,1,,,0,0,,0,,,,,,0,,,,,,,,,,,,0,,,1.0,,3.0,,john,,,,,10005.0,,,,,,2018-09-30 19:50:13.584,1.0,235.0,,,0,0,,,,,,,,,,,,,,2134576540
,,,2018-09-30 19:53:13.539,414,,,albertson,Albertson,3.0,1,,,3.0,,,John,,cc:414,,6503333333,315.0,,,0000@guidewire.com,0000@hotmail.com,,,2,,,,,,1,,,0,0,,0,,,,,,0,,,,,,,,,,,,0,,,1.0,,3.0,,john,,,,,10005.0,,,,,,2018-09-30 19:52:10.646,1.0,235.0,,,0,0,,,,,,,,,,,,,,2134576540
,,,2018-09-30 19:59:21.376,419,,,test last,TEst Last,3.0,1,,,3.0,,,Test First,,cc:419,,,,,,,,,,2,,,,,,1,,,0,0,,0,,,,,,0,,,,,,,,,,,,0,,,1.0,,,,test first,,,,,10005.0,,,,,,2018-09-30 19:58:25.195,1.0,,,,0,0,,,,,,,,,,,,,,
,,,2018-09-30 20:25:50.714,421,,,albertson,Albertson,3.0,1,,,3.0,,,John,,cc:421,,6503333333,324.0,,,0000@guidewire.com,0000@hotmail.com,,,2,,,,,,1,,,0,0,,0,,,,,,0,,,,,,,,,,,,0,,,1.0,,3.0,,john,,,,,10005.0,,,,,,2018-09-30 20:08:36.646,1.0,235.0,,,0,0,,,,,,,,,,,,,,2134576540
,,,2018-09-30 21:50:01.090,424,,,albertson,Albertson,3.0,1,,,3.0,,,John,,cc:424,,6503333333,330.0,,,0000@guidewire.com,0000@hotmail.com,,,2,,,,,,1,,,0,0,,0,,,,,,0,,,,,,,,,,,,0,,,1.0,,3.0,,john,,,,,10005.0,,,,,,2018-09-30 21:40:59.821,1.0,235.0,,,0,0,,,,,,,,,,,,,,2134576540
,,citi mortgage,2018-09-30 22:09:57.381,425,,,,,3.0,0,,,3.0,,,,,cc:425,,,334.0,,,0000@guidewire.com,0000@hotmail.com,,,2,,,,,,2,,,0,0,,0,,,Citi Mortgage,,,0,,,,,,,,,,,,0,,,,,1.0,,,,,,,,,,,,,2018-09-30 22:09:57.381,1.0,,,,0,0,,,,,,,,,,,,,,3092349876
,,gmac,2018-09-30 22:09:57.381,427,,,,,3.0,0,,,3.0,,,,,cc:427,,,332.0,,,0000@guidewire.com,0000@hotmail.com,,,2,,,,,,2,,,0,0,,0,,,GMAC,,,0,,,,,,,,,,,,0,,,,,1.0,,,,,,,,,,,,,2018-09-30 22:09:57.381,1.0,,,,0,0,,,,,,,,,,,,,,3092349876
,,,2018-09-30 22:10:53.743,426,,,darion,Darion,3.0,1,,,3.0,,,Ken,,cc:426,,6503333333,333.0,,,0000@guidewire.com,0000@hotmail.com,,,2,,,,,,1,,,0,0,,0,,,,,,0,,,,,,,,,,,,0,,,1.0,,1.0,,ken,,,,,10005.0,,,,,,2018-09-30 22:09:57.381,1.0,235.0,,,0,0,,,,,,,,,,,,,,6264739576
,,,2018-09-30 22:10:53.743,428,,,egertson,Egertson,3.0,1,,,3.0,,,Karen,,cc:428,,6503333333,335.0,,,0000@guidewire.com,0000@hotmail.com,,,2,,,,,,1,,,0,0,,0,,,,,,0,,,,,,,,,,,,0,,,1.0,,1.0,,karen,,,,,10005.0,,,,,,2018-09-30 22:09:57.381,1.0,235.0,,,0,0,,,,,,,,,,,,,,2134576378
,,,2018-09-30 22:14:09.223,430,,,albertson,Albertson,3.0,1,,,3.0,,,John,,cc:430,,6503333333,338.0,,,0000@guidewire.com,0000@hotmail.com,,,2,,,,,,1,,,0,0,,0,,,,,,0,,,,,,,,,,,,0,,,1.0,,3.0,,john,,,,,10005.0,,,,,,2018-09-30 22:13:32.512,1.0,235.0,,,0,0,,,,,,,,,,,,,,2134576540
,,citi mortgage,2018-09-30 22:14:40.602,431,,,,,3.0,0,,,3.0,,,,,cc:431,,,342.0,,,0000@guidewire.com,0000@hotmail.com,,,2,,,,,,2,,,0,0,,0,,,Citi Mortgage,,,0,,,,,,,,,,,,0,,,,,1.0,,,,,,,,,,,,,2018-09-30 22:14:40.602,1.0,,,,0,0,,,,,,,,,,,,,,3092349876
,,gmac,2018-09-30 22:14:40.602,433,,,,,3.0,0,,,3.0,,,,,cc:433,,,340.0,,,0000@guidewire.com,0000@hotmail.com,,,2,,,,,,2,,,0,0,,0,,,GMAC,,,0,,,,,,,,,,,,0,,,,,1.0,,,,,,,,,,,,,2018-09-30 22:14:40.602,1.0,,,,0,0,,,,,,,,,,,,,,3092349876
,,,2018-09-30 22:15:00.175,432,,,darion,Darion,3.0,1,,,3.0,,,Ken,,cc:432,,6503333333,341.0,,,0000@guidewire.com,0000@hotmail.com,,,2,,,,,,1,,,0,0,,0,,,,,,0,,,,,,,,,,,,0,,,1.0,,1.0,,ken,,,,,10005.0,,,,,,2018-09-30 22:14:40.602,1.0,235.0,,,0,0,,,,,,,,,,,,,,6264739576
,,,2018-09-30 22:15:00.175,434,,,egertson,Egertson,3.0,1,,,3.0,,,Karen,,cc:434,,6503333333,343.0,,,0000@guidewire.com,0000@hotmail.com,,,2,,,,,,1,,,0,0,,0,,,,,,0,,,,,,,,,,,,0,,,1.0,,1.0,,karen,,,,,10005.0,,,,,,2018-09-30 22:14:40.602,1.0,235.0,,,0,0,,,,,,,,,,,,,,2134576378
,,,2018-09-30 22:15:33.599,435,,,albertson,Albertson,3.0,1,,,3.0,,,John,,cc:435,,6503333333,344.0,,,0000@guidewire.com,0000@hotmail.com,,,2,,,,,,1,,,0,0,,0,,,,,,0,,,,,,,,,,,,0,,,1.0,,3.0,,john,,,,,10005.0,,,,,,2018-09-30 22:15:16.028,1.0,235.0,,,0,0,,,,,,,,,,,,,,2134576540
,,,2018-09-30 22:16:16.214,436,,,albertson,Albertson,3.0,1,,,3.0,,,John,,cc:436,,6503333333,346.0,,,0000@guidewire.com,0000@hotmail.com,,,2,,,,,,1,,,0,0,,0,,,,,,0,,,,,,,,,,,,0,,,1.0,,3.0,,john,,,,,10005.0,,,,,,2018-09-30 22:15:57.917,1.0,235.0,,,0,0,,,,,,,,,,,,,,2134576540
,,citi mortgage,2018-09-30 22:17:31.303,437,,,,,3.0,0,,,3.0,,,,,cc:437,,,350.0,,,0000@guidewire.com,0000@hotmail.com,,,2,,,,,,2,,,0,0,,0,,,Citi Mortgage,,,0,,,,,,,,,,,,0,,,,,1.0,,,,,,,,,,,,,2018-09-30 22:17:31.303,1.0,,,,0,0,,,,,,,,,,,,,,3092349876
,,gmac,2018-09-30 22:17:31.303,439,,,,,3.0,0,,,3.0,,,,,cc:439,,,348.0,,,0000@guidewire.com,0000@hotmail.com,,,2,,,,,,2,,,0,0,,0,,,GMAC,,,0,,,,,,,,,,,,0,,,,,1.0,,,,,,,,,,,,,2018-09-30 22:17:31.303,1.0,,,,0,0,,,,,,,,,,,,,,3092349876
,,,2018-09-30 22:18:07.999,438,,,darion,Darion,3.0,1,,,3.0,,,Ken,,cc:438,,6503333333,349.0,,,0000@guidewire.com,0000@hotmail.com,,,2,,,,,,1,,,0,0,,0,,,,,,0,,,,,,,,,,,,0,,,1.0,,1.0,,ken,,,,,10005.0,,,,,,2018-09-30 22:17:31.303,1.0,235.0,,,0,0,,,,,,,,,,,,,,6264739576
,,,2018-09-30 22:18:07.999,440,,,egertson,Egertson,3.0,1,,,3.0,,,Karen,,cc:440,,6503333333,351.0,,,0000@guidewire.com,0000@hotmail.com,,,2,,,,,,1,,,0,0,,0,,,,,,0,,,,,,,,,,,,0,,,1.0,,1.0,,karen,,,,,10005.0,,,,,,2018-09-30 22:17:31.303,1.0,235.0,,,0,0,,,,,,,,,,,,,,2134576378
,,,2018-09-28 15:33:25.182,305,,,albertson,Albertson,3.0,1,,,3.0,,,John,,cc:305,,6503333333,205.0,,,0000@guidewire.com,0000@hotmail.com,,,2,,,,,,1,,,0,0,,0,,,,,,0,,,,,,,,,,,,0,,,1.0,,3.0,,john,,,,,10005.0,,,,,,2018-09-28 15:32:41.441,1.0,235.0,,,0,0,,,,,,,,,,,,,,2134576540
,2167890-2112-0987612,glass repairers,2018-09-28 16:15:47.791,320,,,,,174.0,2,,,2.0,,,,,cc:320,,,230.0,,ab:505,,,,,2,,,,,,14,,,0,0,,0,,,Glass Repairers,,,0,,,,,,,,,,,,0,,,1.0,,,,,,,,,,,,,,,2018-09-28 16:15:41.309,1.0,,,,0,0,,,,,,,,,,,,,,
,,citi mortgage,2018-09-28 17:01:05.417,322,,,,,3.0,0,,,3.0,,,,,cc:322,,,238.0,,,0000@guidewire.com,0000@hotmail.com,,,2,,,,,,2,,,0,0,,0,,,Citi Mortgage,,,0,,,,,,,,,,,,0,,,,,1.0,,,,,,,,,,,,,2018-09-28 17:01:05.417,1.0,,,,0,0,,,,,,,,,,,,,,3092349876
,,gmac,2018-09-28 17:01:05.417,324,,,,,3.0,0,,,3.0,,,,,cc:324,,,237.0,,,0000@guidewire.com,0000@hotmail.com,,,2,,,,,,2,,,0,0,,0,,,GMAC,,,0,,,,,,,,,,,,0,,,,,1.0,,,,,,,,,,,,,2018-09-28 17:01:05.417,1.0,,,,0,0,,,,,,,,,,,,,,3092349876
,,,2018-09-28 17:04:43.454,323,,,darion,Darion,3.0,1,,,3.0,,,Ken,,cc:323,,6503333333,236.0,,,0000@guidewire.com,0000@hotmail.com,,,2,,,,,,1,,,0,0,,0,,,,,,0,,,,,,,,,,,,0,,,1.0,,1.0,,ken,,,,,10005.0,,,,,,2018-09-28 17:01:05.417,1.0,235.0,,,0,0,,,,,,,,,,,,,,6264739576
,,,2018-09-28 17:04:43.454,325,,,egertson,Egertson,3.0,1,,,3.0,,,Karen,,cc:325,,6503333333,239.0,,,0000@guidewire.com,0000@hotmail.com,,,2,,,,,,1,,,0,0,,0,,,,,,0,,,,,,,,,,,,0,,,1.0,,1.0,,karen,,,,,10005.0,,,,,,2018-09-28 17:01:05.417,1.0,235.0,,,0,0,,,,,,,,,,,,,,2134576378
,5567890-8778-0987655,testcompany vendor,2018-09-28 17:04:48.465,326,,,,,3.0,2,,,2.0,,,,,cc:326,,,241.0,,ab:504,,,,,2,,,,,,14,,,0,0,,0,,,TestCOmpany vendor,,,0,,,,,,,,,,,,0,,,1.0,,,,,,,,,,,,,,,2018-09-28 17:04:41.037,1.0,,,,0,0,,,,,,,,,,,,,,
,,citi mortgage,2018-09-28 17:08:36.566,327,,,,,3.0,0,,,3.0,,,,,cc:327,,,244.0,,,0000@guidewire.com,0000@hotmail.com,,,2,,,,,,2,,,0,0,,0,,,Citi Mortgage,,,0,,,,,,,,,,,,0,,,,,1.0,,,,,,,,,,,,,2018-09-28 17:08:36.566,1.0,,,,0,0,,,,,,,,,,,,,,3092349876
,,gmac,2018-09-28 17:08:36.566,329,,,,,3.0,0,,,3.0,,,,,cc:329,,,243.0,,,0000@guidewire.com,0000@hotmail.com,,,2,,,,,,2,,,0,0,,0,,,GMAC,,,0,,,,,,,,,,,,0,,,,,1.0,,,,,,,,,,,,,2018-09-28 17:08:36.566,1.0,,,,0,0,,,,,,,,,,,,,,3092349876
,,,2018-09-28 17:09:55.929,328,,,darion,Darion,3.0,1,,,3.0,,,Ken,,cc:328,,6503333333,242.0,,,0000@guidewire.com,0000@hotmail.com,,,2,,,,,,1,,,0,0,,0,,,,,,0,,,,,,,,,,,,0,,,1.0,,1.0,,ken,,,,,10005.0,,,,,,2018-09-28 17:08:36.566,1.0,235.0,,,0,0,,,,,,,,,,,,,,6264739576
,,,2018-09-28 17:09:55.929,330,,,egertson,Egertson,3.0,1,,,3.0,,,Karen,,cc:330,,6503333333,245.0,,,0000@guidewire.com,0000@hotmail.com,,,2,,,,,,1,,,0,0,,0,,,,,,0,,,,,,,,,,,,0,,,1.0,,1.0,,karen,,,,,10005.0,,,,,,2018-09-28 17:08:36.566,1.0,235.0,,,0,0,,,,,,,,,,,,,,2134576378
,4567890-5445-0987654,test medical care,2018-09-28 17:09:55.929,332,,,,,3.0,1,,,3.0,,,,,cc:332,,,246.0,,ab:503,,,,,2,,,,,,12,,,0,0,,0,,,Test Medical Care,,,0,,,,,,,,,,,,0,,,1.0,,,,,,,,,,,,,,,2018-09-28 17:09:54.196,1.0,,,,0,0,,,,,,,,,,,,,,
,,citi mortgage,2018-09-30 22:23:05.785,441,,,,,3.0,0,,,3.0,,,,,cc:441,,,354.0,,,0000@guidewire.com,0000@hotmail.com,,,2,,,,,,2,,,0,0,,0,,,Citi Mortgage,,,0,,,,,,,,,,,,0,,,,,1.0,,,,,,,,,,,,,2018-09-30 22:23:05.785,1.0,,,,0,0,,,,,,,,,,,,,,3092349876
,,gmac,2018-09-30 22:23:05.785,443,,,,,3.0,0,,,3.0,,,,,cc:443,,,352.0,,,0000@guidewire.com,0000@hotmail.com,,,2,,,,,,2,,,0,0,,0,,,GMAC,,,0,,,,,,,,,,,,0,,,,,1.0,,,,,,,,,,,,,2018-09-30 22:23:05.785,1.0,,,,0,0,,,,,,,,,,,,,,3092349876
,,,2018-09-30 22:23:45.303,442,,,darion,Darion,3.0,1,,,3.0,,,Ken,,cc:442,,6503333333,353.0,,,0000@guidewire.com,0000@hotmail.com,,,2,,,,,,1,,,0,0,,0,,,,,,0,,,,,,,,,,,,0,,,1.0,,1.0,,ken,,,,,10005.0,,,,,,2018-09-30 22:23:05.785,1.0,235.0,,,0,0,,,,,,,,,,,,,,6264739576
,,,2018-09-30 22:23:45.303,444,,,egertson,Egertson,3.0,1,,,3.0,,,Karen,,cc:444,,6503333333,355.0,,,0000@guidewire.com,0000@hotmail.com,,,2,,,,,,1,,,0,0,,0,,,,,,0,,,,,,,,,,,,0,,,1.0,,1.0,,karen,,,,,10005.0,,,,,,2018-09-30 22:23:05.785,1.0,235.0,,,0,0,,,,,,,,,,,,,,2134576378
,4567890-2112-0987654,,2018-10-01 11:31:10.612,506,,,potter,Potter,178.0,0,,,178.0,,,Harry,,cc:506,,,411.0,,,,,,,2,,,,,,1,,,0,0,,0,,,,,,0,,,,,,,,,,,,0,,,1.0,,,,harry,,,,,10005.0,,,,,,2018-10-01 11:31:10.612,1.0,,,,0,0,,,,,,,,,,,,,,
,1567890-2112-0987651,janatha repairers,2018-10-01 11:46:22.765,508,,,,,3.0,0,,,3.0,,,,,cc:508,,,417.0,,ab:601,,,,,2,,,,,,14,,,0,0,,0,,,Janatha Repairers,,,0,,,,,,,,,,,,0,,,1.0,,,,,,,,,,,,,,,2018-10-01 11:46:22.765,1.0,,,,0,0,,,,,,,,,,,,,,
,,,2018-10-04 11:32:16.796,604,,,random,Random,3.0,1,,,3.0,,,Test,,cc:604,,,,,,,,,,2,,,,,,1,,,0,0,,0,,,,,,0,,,10001.0,,,,,,,,,0,,,1.0,,,,test,,,,,10005.0,,,,,,2018-10-04 11:23:33.166,1.0,,,,0,0,,,,,,,,,,,,,,
,,,2018-09-28 12:02:29.892,241,,,donahue,Donahue,3.0,0,,,3.0,,,Faith,,demo_sample:5157,,6503333333,123.0,,,fdonahue@acmeins.com,0207@hotmail.com,,,2,,,,,1000103,13,,,0,0,10001.0,0,,,,,,0,,,,,,,,,,,,0,,,1.0,,1.0,,faith,,,,,,,,,,,2018-09-28 12:02:29.892,1.0,235.0,,,0,0,,,,,,,,,,,,,,2135558164
,,,2018-09-28 12:02:29.892,242,,,lieberman,Lieberman,3.0,0,,,3.0,,,Sylvia,,demo_sample:5158,,6503333333,124.0,,,slieberman@acmeins.com,0209@hotmail.com,,,2,,,,,1000104,13,,,0,0,10001.0,0,,,,,,0,,,,,,,,,,,,0,,,1.0,,1.0,,sylvia,,,,,,,,,,,2018-09-28 12:02:29.892,1.0,235.0,,,0,0,,,,,,,,,,,,,,2135558164
,,,2018-09-28 12:02:29.892,243,,,moseley,Moseley,3.0,0,,,3.0,,,Pam,,demo_sample:5159,,6503333333,125.0,,,pmoseley@acmeins.com,0211@hotmail.com,,,2,,,,,1000105,13,,,0,0,10001.0,0,,,,,,0,,,,,,,,,,,,0,,,1.0,,1.0,,pam,,,,,,,,,,,2018-09-28 12:02:29.892,1.0,235.0,,,0,0,,,,,,,,,,,,,,2135558164
,,,2018-09-28 12:02:29.892,244,,,sharpton,Sharpton,3.0,0,,,3.0,,,Kerrie,,demo_sample:5160,,6503333333,126.0,,,ksharpton@acmeins.com,0213@hotmail.com,,,2,,,,,1000106,13,,,0,0,10001.0,0,,,,,,0,,,,,,,,,,,,0,,,1.0,,1.0,,kerrie,,,,,,,,,,,2018-09-28 12:02:29.892,1.0,235.0,,,0,0,,,,,,,,,,,,,,2135558164
,,,2018-09-28 12:02:29.892,245,,,randolph,Randolph,3.0,0,,,3.0,,,Jill,,demo_sample:5161,,6503333333,127.0,,,jrandolph@acmeins.com,0215@hotmail.com,,,2,,,,,1000107,13,,,0,0,10001.0,0,,,,,,0,,,,,,,,,,,,0,,,1.0,,1.0,,jill,,,,,,,,,,,2018-09-28 12:02:29.892,1.0,235.0,,,0,0,,,,,,,,,,,,,,2135558164
,,,2018-09-28 12:02:29.892,246,,,hearst,Hearst,3.0,0,,,3.0,,,Becky,,demo_sample:5162,,6503333333,128.0,,,bhearst@acmeins.com,0217@hotmail.com,,,2,,,,,1000108,13,,,0,0,10001.0,0,,,,,,0,,,,,,,,,,,,0,,,1.0,,1.0,,becky,,,,,,,,,,,2018-09-28 12:02:29.892,1.0,235.0,,,0,0,,,,,,,,,,,,,,2135558164
,,,2018-09-28 12:02:29.892,247,,,dienstfrey,Dienstfrey,3.0,0,,,3.0,,,Harry,,demo_sample:5163,,6503333333,129.0,,,hdienstfrey@acmeins.com,0219@hotmail.com,,,2,,,,,1000109,13,,,0,0,10001.0,0,,,,,,0,,,,,,,,,,,,0,,,1.0,,1.0,,harry,,,,,,,,,,,2018-09-28 12:02:29.892,1.0,235.0,,,0,0,,,,,,,,,,,,,,2135558164
,,,2018-09-28 12:02:29.892,248,,,flores,Flores,3.0,0,,,3.0,,,Paulette,,demo_sample:5164,,6503333333,130.0,,,pflores@acmeins.com,0221@hotmail.com,,,2,,,,,1000110,13,,,0,0,10001.0,0,,,,,,0,,,,,,,,,,,,0,,,1.0,,1.0,,paulette,,,,,,,,,,,2018-09-28 12:02:29.892,1.0,235.0,,,0,0,,,,,,,,,,,,,,2135558164
,,,2018-09-28 12:02:29.892,249,,,wilson,Wilson,3.0,0,,,3.0,,,Todd,,demo_sample:5165,,6503333333,131.0,,,twilson@acmeins.com,0223@hotmail.com,,,2,,,,,1000111,13,,,0,0,10001.0,0,,,,,,0,,,,,,,,,,,,0,,,1.0,,1.0,,todd,,,,,,,,,,,2018-09-28 12:02:29.892,1.0,235.0,,,0,0,,,,,,,,,,,,,,2135558164
,,,2018-09-28 12:02:29.892,250,,,hoover,Hoover,3.0,0,,,3.0,,,Spencer,,demo_sample:5166,,6503333333,132.0,,,shoover@acmeins.com,0225@hotmail.com,,,2,,,,,1000112,13,,,0,0,10001.0,0,,,,,,0,,,,,,,,,,,,0,,,1.0,,1.0,,spencer,,,,,,,,,,,2018-09-28 12:02:29.892,1.0,235.0,,,0,0,,,,,,,,,,,,,,2135558164
,,,2018-09-28 12:02:29.892,251,,,coolidge,Coolidge,3.0,0,,,3.0,,,Jonah,,demo_sample:5167,,6503333333,133.0,,,jcoolidge@acmeins.com,0227@hotmail.com,,,2,,,,,1000113,13,,,0,0,10001.0,0,,,,,,0,,,,,,,,,,,,0,,,1.0,,1.0,,jonah,,,,,,,,,,,2018-09-28 12:02:29.892,1.0,235.0,,,0,0,,,,,,,,,,,,,,2135558164
,,,2018-09-28 12:02:29.892,252,,,taft,Taft,3.0,0,,,3.0,,,Lynzi,,demo_sample:5168,,6503333333,134.0,,,ltaft@acmeins.com,0229@hotmail.com,,,2,,,,,1000114,13,,,0,0,10001.0,0,,,,,,0,,,,,,,,,,,,0,,,1.0,,1.0,,lynzi,,,,,,,,,,,2018-09-28 12:02:29.892,1.0,235.0,,,0,0,,,,,,,,,,,,,,2135558164
,,,2018-09-28 12:02:29.892,253,,,wilkie,Wilkie,3.0,0,,,3.0,,,Trevor,,demo_sample:5169,,6503333333,135.0,,,twilkie@acmeins.com,0231@hotmail.com,,,2,,,,,1000115,13,,,0,0,10001.0,0,,,,,,0,,,,,,,,,,,,0,,,1.0,,1.0,,trevor,,,,,,,,,,,2018-09-28 12:02:29.892,1.0,235.0,,,0,0,,,,,,,,,,,,,,2135558164
,,,2018-09-28 12:02:29.892,254,,,arthur,Arthur,3.0,0,,,3.0,,,Scott,,demo_sample:5170,,6503333333,136.0,,,sarthur@acmeins.com,0233@hotmail.com,,,2,,,,,1000116,13,,,0,0,10001.0,0,,,,,,0,,,,,,,,,,,,0,,,1.0,,1.0,,scott,,,,,,,,,,,2018-09-28 12:02:29.892,1.0,235.0,,,0,0,,,,,,,,,,,,,,2135558164
,,,2018-09-28 12:02:29.892,255,,,hayes,Hayes,3.0,0,,,3.0,,,Danny,,demo_sample:5171,,6503333333,137.0,,,dhayes@acmeins.com,0235@hotmail.com,,,2,,,,,1000117,13,,,0,0,10001.0,0,,,,,,0,,,,,,,,,,,,0,,,1.0,,1.0,,danny,,,,,,,,,,,2018-09-28 12:02:29.892,1.0,235.0,,,0,0,,,,,,,,,,,,,,2135558164
,,,2018-09-28 12:02:29.892,256,,,garfield,Garfield,3.0,0,,,3.0,,,Tony,,demo_sample:5172,,6503333333,138.0,,,tgarfield@acmeins.com,0237@hotmail.com,,,2,,,,,1000118,13,,,0,0,10001.0,0,,,,,,0,,,,,,,,,,,,0,,,1.0,,1.0,,tony,,,,,,,,,,,2018-09-28 12:02:29.892,1.0,235.0,,,0,0,,,,,,,,,,,,,,2135558164
,,,2018-09-28 12:02:29.892,257,,,lincoln,Lincoln,3.0,0,,,3.0,,,Sarah,,demo_sample:5173,,6503333333,139.0,,,slincoln@acmeins.com,0239@hotmail.com,,,2,,,,,1000119,13,,,0,0,10001.0,0,,,,,,0,,,,,,,,,,,,0,,,1.0,,1.0,,sarah,,,,,,,,,,,2018-09-28 12:02:29.892,1.0,235.0,,,0,0,,,,,,,,,,,,,,2135558164
,,,2018-09-28 12:02:29.892,258,,,buchanan,Buchanan,3.0,0,,,3.0,,,Susan,,demo_sample:5174,,6503333333,140.0,,,sbuchanan@acmeins.com,0241@hotmail.com,,,2,,,,,1000120,13,,,0,0,10001.0,0,,,,,,0,,,,,,,,,,,,0,,,1.0,,1.0,,susan,,,,,,,,,,,2018-09-28 12:02:29.892,1.0,235.0,,,0,0,,,,,,,,,,,,,,2135558164
,,,2018-09-28 12:02:29.892,259,,,harrison,Harrison,3.0,0,,,3.0,,,Phillip,,demo_sample:5175,,6503333333,141.0,,,pharrison@acmeins.com,0243@hotmail.com,,,2,,,,,1000121,13,,,0,0,10001.0,0,,,,,,0,,,,,,,,,,,,0,,,1.0,,1.0,,phillip,,,,,,,,,,,2018-09-28 12:02:29.892,1.0,235.0,,,0,0,,,,,,,,,,,,,,2135558164
,,,2018-09-28 12:02:29.892,260,,,grant,Grant,3.0,0,,,3.0,,,Tamara,,demo_sample:5176,,6503333333,142.0,,,tgrant@acmeins.com,0245@hotmail.com,,,2,,,,,1000122,13,,,0,0,10001.0,0,,,,,,0,,,,,,,,,,,,0,,,1.0,,1.0,,tamara,,,,,,,,,,,2018-09-28 12:02:29.892,1.0,235.0,,,0,0,,,,,,,,,,,,,,2135558164
,,,2018-09-28 12:02:29.892,261,,,pierce,Pierce,3.0,0,,,3.0,,,Sally,,demo_sample:5177,,6503333333,143.0,,,spierce@acmeins.com,0247@hotmail.com,,,2,,,,,1000123,13,,,0,0,10001.0,0,,,,,,0,,,,,,,,,,,,0,,,1.0,,1.0,,sally,,,,,,,,,,,2018-09-28 12:02:29.892,1.0,235.0,,,0,0,,,,,,,,,,,,,,2135558164
,,,2018-09-28 12:02:29.892,262,,,tyler,Tyler,3.0,0,,,3.0,,,Beth,,demo_sample:5178,,6503333333,144.0,,,btyler@acmeins.com,0249@hotmail.com,,,2,,,,,1000124,13,,,0,0,10001.0,0,,,,,,0,,,,,,,,,,,,0,,,1.0,,1.0,,beth,,,,,,,,,,,2018-09-28 12:02:29.892,1.0,235.0,,,0,0,,,,,,,,,,,,,,2135558164
,,,2018-09-28 12:02:29.892,263,,,arkle,Arkle,3.0,0,,,3.0,,,Charles,,demo_sample:5179,,6503333333,145.0,,,carkle@acmeins.com,0251@hotmail.com,,,2,,,,,1000125,13,,,0,0,10001.0,0,,,,,,0,,,,,,,,,,,,0,,,1.0,,1.0,,charles,,,,,,,,,,,2018-09-28 12:02:29.892,1.0,235.0,,,0,0,,,,,,,,,,,,,,8475558164
,,,2018-09-28 12:02:29.892,264,,,barnes,Barnes,3.0,0,,,3.0,,,Ronald,,demo_sample:5180,,6503333333,146.0,,,rbarnes@acmeins.com,0253@hotmail.com,,,2,,,,,1000126,13,,,0,0,10001.0,0,,,,,,0,,,,,,,,,,,,0,,,1.0,,1.0,,ronald,,,,,,,,,,,2018-09-28 12:02:29.892,1.0,235.0,,,0,0,,,,,,,,,,,,,,8475558164
,,,2018-09-28 12:02:29.892,265,,,carley,Carley,3.0,0,,,3.0,,,Cheryl,,demo_sample:5181,,6503333333,147.0,,,ccarley@acmeins.com,0255@hotmail.com,,,2,,,,,1000127,13,,,0,0,10001.0,0,,,,,,0,,,,,,,,,,,,0,,,1.0,,1.0,,cheryl,,,,,,,,,,,2018-09-28 12:02:29.892,1.0,235.0,,,0,0,,,,,,,,,,,,,,8475558164
,,,2018-09-28 12:02:29.892,266,,,dufraine,Dufraine,3.0,0,,,3.0,,,William,,demo_sample:5182,,6503333333,148.0,,,wdufraine@acmeins.com,0257@hotmail.com,,,2,,,,,1000128,13,,,0,0,10001.0,0,,,,,,0,,,,,,,,,,,,0,,,1.0,,1.0,,william,,,,,,,,,,,2018-09-28 12:02:29.892,1.0,235.0,,,0,0,,,,,,,,,,,,,,8475558164
,,,2018-09-28 12:02:29.892,267,,,gregoire,Gregoire,3.0,0,,,3.0,,,Robert,,demo_sample:5183,,6503333333,149.0,,,rgregoire@acmeins.com,0259@hotmail.com,,,2,,,,,1000129,13,,,0,0,10001.0,0,,,,,,0,,,,,,,,,,,,0,,,1.0,,1.0,,robert,,,,,,,,,,,2018-09-28 12:02:29.892,1.0,235.0,,,0,0,,,,,,,,,,,,,,8475558164
235.0,9199-48-869968-84-9919,,2018-10-09 15:53:55.686,1003,,,tallahatchie,Tallahatchie,3.0,0,,,3.0,,,Austin,,cc:1003,,5105556689,1107.0,,ab:45,,,,,2,,,,,,1,,,0,0,,0,,,,,,0,,,,,,,,,,,,0,,,1.0,,1.0,,austin,,,,,,,,,,235.0,2018-10-09 15:53:55.686,1.0,235.0,,,0,0,,,,,,,,,,,,,235.0,7803861460
