LOADCOMMANDID,OBFUSCATEDINTERNAL,OFFSETSTATSUPDATETIME,PUBLICID,CREATETIME,USERSETTINGSID,SPATIALPOINTDENORM,SESSIONTIMEOUTSECS,ORGANIZATIONID,VACATIONSTATUS,DEPARTMENT,UPDATETIME,EXTERNALUSER,LANGUAGE,EXPERIENCELEVEL,LOCALE,ID,LOSSTYPE,AUTHORITYPROFILEID,CREATEUSERID,BEANVERSION,NEWLYASSIGNEDACTIVITIES,RETIRED,DEFAULTPHONECOUNTRY,VALIDATIONLEVEL,POLICYTYPE,UPDATEUSERID,QUICKCLAIM,CREDENTIALID,SYSTEMUSERTYPE,DEFAULTCOUNTRY,TIMEZONE,CONTACTID,JOBTITLE
,1,,PICCUser:207,2017-11-22 17:18:33.917,162,,,,1,Des Moines Service Office,2017-11-22 17:18:33.917,0,,,,162,,18.0,,0,,0,,,,,,162,,,,162,Senior Adjuster
,1,,PICCUser:208,2017-11-22 17:18:33.917,163,,,,1,Ansr,2017-11-22 17:18:33.917,1,,,,163,,,,0,,0,,,,,,163,,,,163,Quality Control
,1,,PICCUser:210,2017-11-22 17:18:33.917,164,,,,1,Appleton Service Office,2017-11-22 17:18:33.917,0,,,,164,,20.0,,0,,0,,,,,,164,,,,164,Subrogation Specialist
,1,,PICCUser:211,2017-11-22 17:18:33.917,165,,,,1,Appleton Service Office,2017-11-22 17:18:33.917,0,,,,165,,4.0,,0,,0,,,,,,165,,,,165,Adjuster
,1,,PICCUser:212,2017-11-22 17:18:33.917,166,,,,1,Rockford Service Office,2017-11-22 17:18:33.917,0,,,,166,,18.0,,0,,0,,,,,,166,,,,166,Senior Adjuster
,1,,PICCUser:213,2017-11-22 17:18:33.917,167,,,,1,Ansr,2017-11-22 17:18:33.917,1,,,,167,,20.0,,0,,0,,,,,,167,,,,167,Subrogation Specialist
,1,,PICCUser:214,2017-11-22 17:18:33.917,168,,,,1,Pekin Service Office,2017-11-22 17:18:33.917,0,,,,168,,6.0,,0,,0,,,,,,168,,,,168,Claim Manager
,1,,PICCUser:215,2017-11-22 17:18:33.917,169,,,,1,Indianapolis Service Office,2017-11-22 17:18:33.917,0,,,,169,,29.0,,0,,0,,,,,,169,,,,169,Claim Support II
,1,,PICCUser:216,2017-11-22 17:18:33.917,170,,,,1,Ansr,2017-11-22 17:18:33.917,1,,,,170,,20.0,,0,,0,,,,,,170,,,,170,Subrogation Specialist
,1,,PICCUser:218,2017-11-22 17:18:33.917,171,,,,1,Metro Service Office,2017-11-22 17:18:33.917,0,,,,171,,4.0,,0,,0,,,,,,171,,,,171,Adjuster
,1,,PICCUser:219,2017-11-22 17:18:33.917,172,,,,1,Pekin Service Office,2017-11-22 17:18:33.917,0,,,,172,,29.0,,0,,0,,,,,,172,,,,172,Call Center Representative
,1,,PICCUser:220,2017-11-22 17:18:33.917,173,,,,1,Pekin Service Office,2017-11-22 17:18:33.917,0,,,,173,,12.0,,0,,0,,,,,,173,,,,173,Litigation Specialist
,1,,PICCUser:221,2017-11-22 17:18:33.917,174,,,,1,Pekin Service Office,2017-11-22 17:18:33.917,1,,,,174,,12.0,,0,,0,,,,,,174,,,,174,Litigation Specialist
,1,,PICCUser:223,2017-11-22 17:18:33.917,175,,,,1,Ansr,2017-11-22 17:18:33.917,1,,,,175,,,,0,,0,,,,,,175,,,,175,Clerical
,1,,PICCUser:225,2017-11-22 17:18:33.917,176,,,,1,Phoenix Service Office,2017-11-22 17:18:33.917,0,,,,176,,18.0,,0,,0,,,,,,176,,,,176,Senior Adjuster
,1,,PICCUser:226,2017-11-22 17:18:33.917,177,,,,1,Pekin Service Office,2017-11-22 17:18:33.917,0,,,,177,,29.0,,0,,0,,,,,,177,,,,177,Claim Services Supervisor
,1,,PICCUser:227,2017-11-22 17:18:33.917,178,,,,1,Pekin Service Office,2017-11-22 17:18:33.917,0,,,,178,,,,0,,0,,,,,,178,,,,178,Claim Business Analyst II
,1,,PICCUser:232,2017-11-22 17:18:33.917,179,,,,1,Phoenix Service Office,2017-11-22 17:18:33.917,0,,,,179,,18.0,,0,,0,,,,,,179,,,,179,Senior Adjuster
,1,,PICCUser:233,2017-11-22 17:18:33.917,180,,,,1,Des Moines Service Office,2017-11-22 17:18:33.917,0,,,,180,,29.0,,0,,0,,,,,,180,,,,180,Claim Support I (Temp)
,1,,PICCUser:234,2017-11-22 17:18:33.917,181,,,,1,Appleton Service Office,2017-11-22 17:18:33.917,0,,,,181,,29.0,,0,,0,,,,,,181,,,,181,Claim Support II
,1,,PICCUser:235,2017-11-22 17:18:33.917,182,,,,1,Pekin Service Office,2017-11-22 17:18:33.917,0,,,,182,,29.0,,0,,0,,,,,,182,,,,182,Claim Support II
,1,,PICCUser:236,2017-11-22 17:18:33.917,183,,,,1,Pekin Service Office,2017-11-22 17:18:33.917,0,,,,183,,,,0,,0,,,,,,183,,,,183,Claim Business Analyst II
,1,,PICCUser:237,2017-11-22 17:18:33.917,184,,,,1,Pekin Service Office,2017-11-22 17:18:33.917,0,,,,184,,20.0,,0,,0,,,,,,184,,,,184,Subrogation Specialist
,1,,PICCUser:238,2017-11-22 17:18:33.917,185,,,,1,Pekin Service Office,2017-11-22 17:18:33.917,0,,,,185,,24.0,,0,,0,,,,,,185,,,,185,Property Specialist
,1,,PICCUser:240,2017-11-22 17:18:33.917,186,,,,1,Pekin Service Office,2017-11-22 17:18:33.917,0,,,,186,,15.0,,0,,0,,,,,,186,,,,186,Personal Lines Claim Representative II
,1,,PICCUser:241,2017-11-22 17:18:33.917,187,,,,1,Rockford Service Office,2017-11-22 17:18:33.917,0,,,,187,,29.0,,0,,0,,,,,,187,,,,187,Claim Support II
,1,,PICCUser:243,2017-11-22 17:18:33.917,188,,,,1,Rockford Service Office,2017-11-22 17:18:33.917,0,,,,188,,4.0,,0,,0,,,,,,188,,,,188,Adjuster
,1,,PICCUser:244,2017-11-22 17:18:33.917,189,,,,1,Ansr,2017-11-22 17:18:33.917,1,,,,189,,,,0,,0,,,,,,189,,,,189,Clerical
,1,,PICCUser:245,2017-11-22 17:18:33.917,190,,,,1,Pekin Service Office,2017-11-22 17:18:33.917,0,,,,190,,25.0,,0,,0,,,,,,190,,,,190,Commercial Lines Claim Representative II
,1,,PICCUser:247,2017-11-22 17:18:33.917,191,,,,1,Ansr,2017-11-22 17:18:33.917,1,,,,191,,20.0,,0,,0,,,,,,191,,,,191,Subrogation Specialist
,1,,PICCUser:248,2017-11-22 17:18:33.917,192,,,,1,Metro Service Office,2017-11-22 17:18:33.917,0,,,,192,,4.0,,0,,0,,,,,,192,,,,192,Adjuster
,1,,PICCUser:250,2017-11-22 17:18:33.917,193,,,,1,Appleton Service Office,2017-11-22 17:18:33.917,0,,,,193,,4.0,,0,,0,,,,,,193,,,,193,Adjuster
,1,,PICCUser:252,2017-11-22 17:18:33.917,194,,,,1,Pekin Service Office,2017-11-22 17:18:33.917,0,,,,194,,23.0,,0,,0,,,,,,194,,,,194,Workers Compensation Specialist
,1,,PICCUser:254,2017-11-22 17:18:33.917,195,,,,1,Ansr,2017-11-22 17:18:33.917,1,,,,195,,,,0,,0,,,,,,195,,,,195,Clerical
,1,,PICCUser:256,2017-11-22 17:18:33.917,196,,,,1,Pekin Service Office,2017-11-22 17:18:33.917,0,,,,196,,21.0,,0,,0,,,,,,196,,,,196,Workers Compensation Claim Representative
,1,,PICCUser:257,2017-11-22 17:18:33.917,197,,,,1,Pekin Service Office,2017-11-22 17:18:33.917,0,,,,197,,,,0,,0,,,,,,197,,,,197,Claim Business Analyst II
,1,,PICCUser:258,2017-11-22 17:18:33.917,198,,,,1,Ansr,2017-11-22 17:18:33.917,1,,,,198,,,,0,,0,,,,,,198,,,,198,Clerical
,1,,PICCUser:260,2017-11-22 17:18:33.917,199,,,,1,Phoenix Service Office,2017-11-22 17:18:33.917,0,,,,199,,4.0,,0,,0,,,,,,199,,,,199,Adjuster
,1,,PICCUser:261,2017-11-22 17:18:33.917,200,,,,1,Pekin Service Office,2017-11-22 17:18:33.917,0,,,,200,,20.0,,0,,0,,,,,,200,,,,200,Subrogation Specialist
,1,,PICCUser:264,2017-11-22 17:18:33.917,201,,,,1,Pekin Service Office,2017-11-22 17:18:33.917,0,,,,201,,29.0,,0,,0,,,,,,201,,,,201,Claim Support I
,1,,PICCUser:267,2017-11-22 17:18:33.917,202,,,,1,Metro Service Office,2017-11-22 17:18:33.917,0,,,,202,,4.0,,0,,0,,,,,,202,,,,202,Adjuster
,1,,PICCUser:269,2017-11-22 17:18:33.917,203,,,,1,Pekin Service Office,2017-11-22 17:18:33.917,0,,,,203,,29.0,,0,,0,,,,,,203,,,,203,Call Center Representative
,1,,PICCUser:271,2017-11-22 17:18:33.917,204,,,,1,Pekin Service Office,2017-11-22 17:18:33.917,0,,,,204,,29.0,,0,,0,,,,,,204,,,,204,Claim Support I
,1,,PICCUser:272,2017-11-22 17:18:33.917,205,,,,1,Pekin Service Office,2017-11-22 17:18:33.917,0,,,,205,,4.0,,0,,0,,,,,,205,,,,205,Adjuster
,1,,PICCUser:273,2017-11-22 17:18:33.917,206,,,,1,Columbus Service Office,2017-11-22 17:18:33.917,0,,,,206,,29.0,,0,,0,,,,,,206,,,,206,Claim Support I
,1,,PICCUser:274,2017-11-22 17:18:33.917,207,,,,1,Rockford Service Office,2017-11-22 17:18:33.917,0,,,,207,,4.0,,0,,0,,,,,,207,,,,207,Adjuster
,1,,PICCUser:276,2017-11-22 17:18:33.917,208,,,,1,Pekin Service Office,2017-11-22 17:18:33.917,0,,,,208,,14.0,,0,,0,,,,,,208,,,,208,Personal Lines Claim Representative I
,1,,PICCUser:278,2017-11-22 17:18:33.917,209,,,,1,Columbus Service Office,2017-11-22 17:18:33.917,0,,,,209,,4.0,,0,,0,,,,,,209,,,,209,Adjuster
,1,,PICCUser:279,2017-11-22 17:18:33.917,210,,,,1,Phoenix Service Office,2017-11-22 17:18:33.917,0,,,,210,,4.0,,0,,0,,,,,,210,,,,210,Adjuster
,1,,PICCUser:281,2017-11-22 17:18:33.917,211,,,,1,Rockford Service Office,2017-11-22 17:18:33.917,0,,,,211,,18.0,,0,,0,,,,,,211,,,,211,Senior Adjuster
,1,,PICCUser:282,2017-11-22 17:18:33.917,212,,,,1,Appleton Service Office,2017-11-22 17:18:33.917,0,,,,212,,4.0,,0,,0,,,,,,212,,,,212,Adjuster
,1,,PICCUser:283,2017-11-22 17:18:33.917,213,,,,1,Pekin Service Office,2017-11-22 17:18:33.917,0,,,,213,,,,0,,0,,,,,,213,,,,213,Enterprise In-House Representative
,1,,PICCUser:285,2017-11-22 17:18:33.917,214,,,,1,,2018-08-25 09:47:42.485,0,,,,214,,,,2,,0,,,,3.0,,214,,,,214,
,1,,PICCUser:286,2017-11-22 17:18:33.917,215,,,,1,Pekin Service Office,2018-08-29 19:21:36.984,0,,,,215,,4.0,,1,,0,,,,3.0,,215,,,,215,President and CEO
,1,,PICCUser:287,2017-11-22 17:18:33.917,216,,,,1,Appleton Service Office,2017-11-22 17:18:33.917,0,,,,216,,4.0,,0,,0,,,,,,216,,,,216,Adjuster
,1,,PICCUser:288,2017-11-22 17:18:33.917,217,,,,1,Pekin Service Office,2017-11-22 17:18:33.917,0,,,,217,,14.0,,0,,0,,,,,,217,,,,217,Personal Lines Claim Representative I
,1,,PICCUser:289,2017-11-22 17:18:33.917,218,,,,1,Pekin Service Office,2017-11-22 17:18:33.917,0,,,,218,,14.0,,0,,0,,,,,,218,,,,218,Personal Lines Claim Representative I
,1,,PICCUser:290,2017-11-22 17:18:33.917,219,,,,1,Columbus Service Office,2017-11-22 17:18:33.917,0,,,,219,,29.0,,0,,0,,,,,,219,,,,219,Claim Support I (Temp)
,1,,PICCUser:291,2017-11-22 17:18:33.917,220,,,,1,Pekin Service Office,2017-11-22 17:18:33.917,0,,,,220,,29.0,,0,,0,,,,,,220,,,,220,Claim Support I
,1,,PICCUser:292,2017-11-22 17:18:33.917,221,,,,1,Pekin Service Office,2017-11-22 17:18:33.917,0,,,,221,,,,0,,0,,,,,,221,,,,221,Claim Attorney - Coverage
,1,,PICCUser:293,2017-11-22 17:18:33.917,222,,,,1,Pekin Service Office,2017-11-22 17:18:33.917,0,,,,222,,14.0,,0,,0,,,,,,222,,,,222,Personal Lines Claim Representative I
,1,,PICCUser:294,2017-11-22 17:18:33.917,223,,,,1,Ansr,2017-11-22 17:18:33.917,1,,,,223,,20.0,,0,,0,,,,,,223,,,,223,Subrogation Specialist
,1,,PICCUser:295,2017-11-22 17:18:33.917,224,,,,1,Ansr,2017-11-22 17:18:33.917,1,,,,224,,,,0,,0,,,,,,224,,,,224,Clerical
,1,,PICCUser:296,2017-11-22 17:18:33.917,225,,,,1,Pekin Service Office,2017-11-22 17:18:33.917,0,,,,225,,14.0,,0,,0,,,,,,225,,,,225,Personal Lines Claim Representative I
,1,,PICCUser:297,2017-11-22 17:18:33.917,226,,,,1,Des Moines Service Office,2017-11-22 17:18:33.917,0,,,,226,,4.0,,0,,0,,,,,,226,,,,226,Adjuster
,1,,PICCUser:299,2017-11-22 17:18:33.917,227,,,,1,Columbus Service Office,2017-11-22 17:18:33.917,0,,,,227,,4.0,,0,,0,,,,,,227,,,,227,Adjuster (Temp)
,1,,PICCUser:300,2017-11-22 17:18:33.917,228,,,,1,Indianapolis Service Office,2017-11-22 17:18:33.917,0,,,,228,,4.0,,0,,0,,,,,,228,,,,228,Adjuster
,1,,PICCUser:301,2017-11-22 17:18:33.917,229,,,,1,Pekin Service Office,2017-11-22 17:18:33.917,0,,,,229,,15.0,,0,,0,,,,,,229,,,,229,Personal Lines Claim Representative II
,1,,PICCUser:302,2017-11-22 17:18:33.917,230,,,,1,Phoenix Service Office,2017-11-22 17:18:33.917,0,,,,230,,,,0,,0,,,,,,230,,,,230,Adjuster (Temp)
,1,,PICCUser:303,2017-11-22 17:18:33.917,231,,,,1,Phoenix Service Office,2017-11-22 17:18:33.917,0,,,,231,,,,0,,0,,,,,,231,,,,231,Adjuster (Temp)
,1,,PICCUser:304,2017-11-22 17:18:33.917,232,,,,1,Metro Service Office,2017-11-22 17:18:33.917,0,,,,232,,29.0,,0,,0,,,,,,232,,,,232,Claim Support I (Temp)
,1,,PICCUser:305,2017-11-22 17:18:33.917,233,,,,1,Pekin Service Office,2017-11-22 17:18:33.917,0,,,,233,,14.0,,0,,0,,,,,,233,,,,233,Personal Lines Claim Representative I
,1,,PICCUser:306,2017-11-22 17:18:33.917,234,,,,1,Mt. Vernon Service Office,2017-11-22 17:18:33.917,0,,,,234,,29.0,,0,,0,,,,,,234,,,,234,Claim Support I
,1,,PICCUser:307,2017-11-22 17:18:33.917,235,,,,1,Pekin Service Office,2017-11-22 17:18:33.917,0,,,,235,,14.0,,0,,0,,,,,,235,,,,235,Personal Lines Claim Representative I
,1,,PICCUser:308,2017-11-22 17:18:33.917,236,,,,1,Ansr,2017-11-22 17:18:33.917,1,,,,236,,20.0,,0,,0,,,,,,236,,,,236,Subrogation Specialist
,1,,PICCUser:309,2017-11-22 17:18:33.917,237,,,,1,,2017-11-22 17:18:33.917,1,,,,237,,,,0,,0,,,,,,237,,,,237,Portal User
,1,,PICCUser:310,2017-11-22 17:18:33.917,238,,,,1,Columbus Service Office,2017-11-22 17:18:33.917,0,,,,238,,4.0,,0,,0,,,,,,238,,,,238,Adjuster
,1,,PICCUser:311,2017-11-22 17:18:33.917,239,,,,1,Indianapolis Service Office,2017-11-22 17:18:33.917,0,,,,239,,4.0,,0,,0,,,,,,239,,,,239,Adjuster
,1,,PICCUser:312,2017-11-22 17:18:33.917,240,,,,1,Columbus Service Office,2018-08-29 18:44:11.104,0,,,,240,,18.0,,11,,0,,,,3.0,,240,,,,240,Adjuster
,1,,PICCUser:320,2017-11-22 17:18:33.917,241,,,,1,Pekin Service Office,2017-11-22 17:18:33.917,0,,,,241,,18.0,,0,,0,,,,,,241,,,,241,Senior Adjuster
,1,,PICCUser:321,2017-11-22 17:18:33.917,242,,,,1,Metro Service Office,2017-11-22 17:18:33.917,0,,,,242,,29.0,,0,,0,,,,,,242,,,,242,Claim Support I
,1,,PICCUser:322,2017-11-22 17:18:33.917,243,,,,1,Pekin Service Office,2017-11-22 17:18:33.917,0,,,,243,,29.0,,0,,0,,,,,,243,,,,243,Claim Support I
,1,,PICCUser:323,2017-11-22 17:18:33.917,244,,,,1,Pekin Service Office,2017-11-22 17:18:33.917,0,,,,244,,29.0,,0,,0,,,,,,244,,,,244,Claim Support I
,1,,PICCUser:324,2017-11-22 17:18:33.917,245,,,,1,Columbus Service Office,2017-11-22 17:18:33.917,0,,,,245,,4.0,,0,,0,,,,,,245,,,,245,Adjuster
,1,,PICCUser:325,2017-11-22 17:18:33.917,246,,,,1,Columbus Service Office,2017-11-22 17:18:33.917,0,,,,246,,4.0,,0,,0,,,,,,246,,,,246,Adjuster (Temp)
,1,,PICCUser:327,2017-11-22 17:18:33.917,247,,,,1,Phoenix Service Office,2017-11-22 17:18:33.917,0,,,,247,,4.0,,0,,0,,,,,,247,,,,247,Adjuster (Temp)
,1,,PICCUser:328,2017-11-22 17:18:33.917,248,,,,1,Phoenix Service Office,2017-11-22 17:18:33.917,0,,,,248,,4.0,,0,,0,,,,,,248,,,,248,Adjuster (Temp)
,1,,PICCUser:331,2017-11-22 17:18:33.917,249,,,,1,Pekin Service Office,2017-11-22 17:18:33.917,0,,,,249,,14.0,,0,,0,,,,,,249,,,,249,Personal Lines Claim Representative I
,1,,PICCUser:333,2017-11-22 17:18:33.917,250,,,,1,Pekin Service Office,2017-11-22 17:18:33.917,0,,,,250,,29.0,,0,,0,,,,,,250,,,,250,Claim Support I
,1,,PICCUser:334,2017-11-22 17:18:33.917,251,,,,1,Pekin Service Office,2017-11-22 17:18:33.917,0,,,,251,,27.0,,0,,0,,,,,,251,,,,251,Director of Claims Litigation
,1,,PICCUser:335,2017-11-22 17:18:33.917,252,,,,1,Pekin Service Office,2017-11-22 17:18:33.917,0,,,,252,,,,0,,0,,,,,,252,,,,252,Test User
,1,,PICCUser:336,2017-11-22 17:18:33.917,253,,,,1,Pekin Service Office,2017-11-22 17:18:33.917,0,,,,253,,29.0,,0,,0,,,,,,253,,,,253,Claim Support I
,1,,PICCUser:337,2017-11-22 17:18:33.917,254,,,,1,Pekin Service Office,2017-11-22 17:18:33.917,0,,,,254,,,,0,,0,,,,,,254,,,,254,Quest User
,1,,PICCUser:338,2017-11-22 17:18:33.917,255,,,,1,Pekin Service Office,2017-11-22 17:18:33.917,0,,,,255,,,,0,,0,,,,,,255,,,,255,Glass User
,1,,PICCUser:340,2017-11-22 17:18:33.917,256,,,,1,Columbus Service Office,2017-11-22 17:18:33.917,0,,,,256,,4.0,,0,,0,,,,,,256,,,,256,Adjuster
,1,,PICCUser:341,2017-11-22 17:18:33.917,257,,,,1,Pekin Service Office,2017-11-22 17:18:33.917,0,,,,257,,,,0,,0,,,,,,257,,,,257,Agency Claim User
,1,,PICCUser:342,2017-11-22 17:18:33.917,258,,,,1,Pekin Service Office,2017-11-22 17:18:33.917,0,,,,258,,14.0,,0,,0,,,,,,258,,,,258,Personal Lines Claim Representative I
,1,,PICCUser:343,2017-11-22 17:18:33.917,259,,,,1,Subrogation Specialist,2017-11-22 17:18:33.917,0,,,,259,,20.0,,0,,0,,,,,,259,,,,259,Subrogation Specialist
,1,,PICCUser:344,2017-11-22 17:18:33.917,260,,,,1,Claim Recovery Specialist,2017-11-22 17:18:33.917,0,,,,260,,8.0,,0,,0,,,,,,260,,,,260,Claim Recovery Specialist
,1,,PICCUser:345,2017-11-22 17:18:33.917,261,,,,1,Subrogation Specialist,2017-11-22 17:18:33.917,0,,,,261,,20.0,,0,,0,,,,,,261,,,,261,Subrogation Specialist
,1,,PICCUser:346,2017-11-22 17:18:33.917,262,,,,1,Subrogation Specialist,2017-11-22 17:18:33.917,0,,,,262,,20.0,,0,,0,,,,,,262,,,,262,Subrogation Specialist
,1,,PICCUser:347,2017-11-22 17:18:33.917,263,,,,1,Claim Manager,2017-11-22 17:18:33.917,0,,,,263,,6.0,,0,,0,,,,,,263,,,,263,Claim Manager
,1,,PICCUser:348,2017-11-22 17:18:33.917,264,,,,1,Subrogation Specialist,2017-11-22 17:18:33.917,0,,,,264,,20.0,,0,,0,,,,,,264,,,,264,Subrogation Specialist
,1,,PICCUser:349,2017-11-22 17:18:33.917,265,,,,1,Pekin Service Office,2017-11-22 17:18:33.917,0,,,,265,,,,0,,0,,,,,,265,,,,265,Guidewire Developer
,1,,PICCUser:351,2017-11-22 17:18:33.917,266,,,,1,Pekin Service Office,2017-11-22 17:18:33.917,0,,,,266,,,,0,,0,,,,,,266,,,,266,Enterprise In-House Representative
,1,,systemTables:1,2017-11-22 17:15:36.508,1,,,1.0,1,,2018-09-27 07:24:53.774,0,,,,1,,6.0,,6,,0,,,,3.0,,1,1.0,,,1,
,1,,systemTables:2,2017-11-22 17:15:36.508,2,,,1.0,1,,2017-11-22 17:16:36.776,0,,,,2,,,,1,,0,,,,,,2,3.0,,,2,
,1,,default_data:1,2017-11-22 17:16:36.776,3,,,1.0,1,,2018-09-03 05:37:52.421,0,,,,3,,501.0,,23,,0,,,,3.0,,3,2.0,,,3,
,1,,PICCUser:2,2017-11-22 17:18:33.917,4,,,,1,Pekin Service Office,2017-11-22 17:18:33.917,0,,,,4,,21.0,,0,,0,,,,,,4,,,,4,Workers Compensation Claim Representative
,1,,PICCUser:3,2017-11-22 17:18:33.917,5,,,,1,Columbus Service Office,2018-06-13 12:07:19.372,0,,,,5,,17.0,,2,,0,,,,3.0,,5,,,,5,Regional Claim Manager
,1,,PICCUser:4,2017-11-22 17:18:33.917,6,,,,1,Pekin Service Office,2017-11-22 17:18:33.917,0,,,,6,,4.0,,0,,0,,,,,,6,,,,6,Adjuster
,1,,PICCUser:5,2017-11-22 17:18:33.917,7,,,,1,Ansr,2017-11-22 17:18:33.917,1,,,,7,,,,0,,0,,,,,,7,,,,7,Clerical
,1,,PICCUser:7,2017-11-22 17:18:33.917,8,,,,1,Pekin Service Office,2017-11-22 17:18:33.917,0,,,,8,,29.0,,0,,0,,,,,,8,,,,8,Claim Support III
,1,,PICCUser:10,2017-11-22 17:18:33.917,9,,,,1,Rockford Service Office,2017-11-22 17:18:33.917,0,,,,9,,24.0,,0,,0,,,,,,9,,,,9,Property Specialist
,1,,PICCUser:12,2017-11-22 17:18:33.917,10,,,,1,Ansr,2017-11-22 17:18:33.917,1,,,,10,,20.0,,0,,0,,,,,,10,,,,10,Subrogation Specialist
,1,,PICCUser:15,2017-11-22 17:18:33.917,11,,,,1,Appleton Service Office,2017-11-22 17:18:33.917,0,,,,11,,18.0,,0,,0,,,,,,11,,,,11,Senior Adjuster
,1,,PICCUser:17,2017-11-22 17:18:33.917,12,,,,1,Phoenix Service Office,2017-11-22 17:18:33.917,0,,,,12,,18.0,,0,,0,,,,,,12,,,,12,Senior Adjuster
,1,,PICCUser:18,2017-11-22 17:18:33.917,13,,,,1,Pekin Service Office,2017-11-22 17:18:33.917,0,,,,13,,29.0,,0,,0,,,,,,13,,,,13,Claim Support II
,1,,PICCUser:20,2017-11-22 17:18:33.917,14,,,,1,Rockford Service Office,2017-11-22 17:18:33.917,0,,,,14,,18.0,,0,,0,,,,,,14,,,,14,Senior Adjuster
,1,,PICCUser:21,2017-11-22 17:18:33.917,15,,,,1,Indianapolis Service Office,2017-11-22 17:18:33.917,0,,,,15,,4.0,,0,,0,,,,,,15,,,,15,Adjuster
,1,,PICCUser:22,2017-11-22 17:18:33.917,16,,,,1,Columbus Service Office,2017-11-22 17:18:33.917,0,,,,16,,4.0,,0,,0,,,,,,16,,,,16,Adjuster
,1,,PICCUser:23,2017-11-22 17:18:33.917,17,,,,1,Ansr,2017-11-22 17:18:33.917,1,,,,17,,20.0,,0,,0,,,,,,17,,,,17,Subrogation Specialist
,1,,PICCUser:25,2017-11-22 17:18:33.917,18,,,,1,Pekin Service Office,2017-11-22 17:18:33.917,0,,,,18,,16.0,,0,,0,,,,,,18,,,,18,Physical Damage Specialist
,1,,PICCUser:27,2017-11-22 17:18:33.917,19,,,,1,Ansr,2017-11-22 17:18:33.917,1,,,,19,,,,0,,0,,,,,,19,,,,19,Clerical
,1,,PICCUser:28,2017-11-22 17:18:33.917,20,,,,1,Ansr,2017-11-22 17:18:33.917,1,,,,20,,20.0,,0,,0,,,,,,20,,,,20,Subrogation Specialist
,1,,PICCUser:29,2017-11-22 17:18:33.917,21,,,,1,Information Technology,2017-11-22 17:18:33.917,0,,,,21,,,,0,,0,,,,,,21,,,,21,Senior App Support / Systems Analyst
,1,,PICCUser:30,2017-11-22 17:18:33.917,22,,,,1,Ansr,2017-11-22 17:18:33.917,1,,,,22,,20.0,,0,,0,,,,,,22,,,,22,Subrogation Specialist
,1,,PICCUser:31,2017-11-22 17:18:33.917,23,,,,1,Phoenix Service Office,2017-11-22 17:18:33.917,0,,,,23,,29.0,,0,,0,,,,,,23,,,,23,Claim Support I
,1,,PICCUser:33,2017-11-22 17:18:33.917,24,,,,1,Des Moines Service Office,2017-11-22 17:18:33.917,0,,,,24,,18.0,,0,,0,,,,,,24,,,,24,Senior Adjuster
,1,,PICCUser:34,2017-11-22 17:18:33.917,25,,,,1,Rockford Service Office,2017-11-22 17:18:33.917,0,,,,25,,4.0,,0,,0,,,,,,25,,,,25,Adjuster
,1,,PICCUser:35,2017-11-22 17:18:33.917,26,,,,1,Pekin Service Office,2017-11-22 17:18:33.917,0,,,,26,,29.0,,0,,0,,,,,,26,,,,26,Claim Support II
,1,,PICCUser:36,2017-11-22 17:18:33.917,27,,,,1,Pekin Service Office,2017-11-22 17:18:33.917,0,,,,27,,14.0,,0,,0,,,,,,27,,,,27,Personal Lines Claim Representative I
,1,,PICCUser:37,2017-11-22 17:18:33.917,28,,,,1,Des Moines Service Office,2017-11-22 17:18:33.917,0,,,,28,,18.0,,0,,0,,,,,,28,,,,28,Senior Adjuster
,1,,PICCUser:40,2017-11-22 17:18:33.917,29,,,,1,Pekin Service Office,2017-11-22 17:18:33.917,0,,,,29,,14.0,,0,,0,,,,,,29,,,,29,Personal Lines Claim Representative I
,1,,PICCUser:41,2017-11-22 17:18:33.917,30,,,,1,Appleton Service Office,2017-11-22 17:18:33.917,0,,,,30,,18.0,,0,,0,,,,,,30,,,,30,Senior Adjuster
,1,,PICCUser:43,2017-11-22 17:18:33.917,31,,,,1,Pekin Service Office,2017-11-22 17:18:33.917,0,,,,31,,24.0,,0,,0,,,,,,31,,,,31,Property Specialist
,1,,PICCUser:45,2017-11-22 17:18:33.917,32,,,,1,Mt. Vernon Service Office,2017-11-22 17:18:33.917,0,,,,32,,4.0,,0,,0,,,,,,32,,,,32,Adjuster
,1,,PICCUser:46,2017-11-22 17:18:33.917,33,,,,1,Mt. Vernon Service Office,2017-11-22 17:18:33.917,0,,,,33,,18.0,,0,,0,,,,,,33,,,,33,Senior Adjuster
,1,,PICCUser:47,2017-11-22 17:18:33.917,34,,,,1,Mt. Vernon Service Office,2017-11-22 17:18:33.917,0,,,,34,,4.0,,0,,0,,,,,,34,,,,34,Adjuster
,1,,PICCUser:48,2017-11-22 17:18:33.917,35,,,,1,Ansr,2017-11-22 17:18:33.917,1,,,,35,,20.0,,0,,0,,,,,,35,,,,35,Subrogation Specialist
,1,,PICCUser:50,2017-11-22 17:18:33.917,36,,,,1,Pekin Service Office,2017-11-22 17:18:33.917,0,,,,36,,6.0,,0,,0,,,,,,36,,,,36,Property Manager
,1,,PICCUser:51,2017-11-22 17:18:33.917,37,,,,1,Pekin Service Office,2017-11-22 17:18:33.917,0,,,,37,,29.0,,0,,0,,,,,,37,,,,37,Claim Services Supervisor
,1,,PICCUser:52,2017-11-22 17:18:33.917,38,,,,1,Metro Service Office,2017-11-22 17:18:33.917,0,,,,38,,4.0,,0,,0,,,,,,38,,,,38,Adjuster
,1,,PICCUser:53,2017-11-22 17:18:33.917,39,,,,1,Mt. Vernon Service Office,2017-11-22 17:18:33.917,0,,,,39,,29.0,,0,,0,,,,,,39,,,,39,Claim Support III
,1,,PICCUser:54,2017-11-22 17:18:33.917,40,,,,1,Indianapolis Service Office,2017-11-22 17:18:33.917,0,,,,40,,24.0,,0,,0,,,,,,40,,,,40,Property Specialist
,1,,PICCUser:55,2017-11-22 17:18:33.917,41,,,,1,Pekin Service Office,2017-11-22 17:18:33.917,0,,,,41,,18.0,,0,,0,,,,,,41,,,,41,SIU Specialist
,1,,PICCUser:56,2017-11-22 17:18:33.917,42,,,,1,Pekin Service Office,2017-11-22 17:18:33.917,0,,,,42,,12.0,,0,,0,,,,,,42,,,,42,Litigation Specialist
,1,,PICCUser:57,2017-11-22 17:18:33.917,43,,,,1,Metro Service Office,2017-11-22 17:18:33.917,0,,,,43,,18.0,,0,,0,,,,,,43,,,,43,Senior Adjuster
,1,,PICCUser:58,2017-11-22 17:18:33.917,44,,,,1,Ansr,2017-11-22 17:18:33.917,1,,,,44,,29.0,,0,,0,,,,,,44,,,,44,Clerical
,1,,PICCUser:59,2017-11-22 17:18:33.917,45,,,,1,Pekin Service Office,2017-11-22 17:18:33.917,0,,,,45,,26.0,,0,,0,,,,,,45,,,,45,Vice President
,1,,PICCUser:60,2017-11-22 17:18:33.917,46,,,,1,Des Moines Service Office,2017-11-22 17:18:33.917,0,,,,46,,18.0,,0,,0,,,,,,46,,,,46,Senior Adjuster
,1,,PICCUser:61,2017-11-22 17:18:33.917,47,,,,1,Pekin Service Office,2017-11-22 17:18:33.917,0,,,,47,,29.0,,0,,0,,,,,,47,,,,47,Claim Support I
,1,,PICCUser:63,2017-11-22 17:18:33.917,48,,,,1,Mt. Vernon Service Office,2017-11-22 17:18:33.917,0,,,,48,,18.0,,0,,0,,,,,,48,,,,48,Senior Adjuster
,1,,PICCUser:64,2017-11-22 17:18:33.917,49,,,,1,Columbus Service Office,2017-11-22 17:18:33.917,0,,,,49,,24.0,,0,,0,,,,,,49,,,,49,Property Specialist
,1,,PICCUser:65,2017-11-22 17:18:33.917,50,,,,1,Pekin Service Office,2017-11-22 17:18:33.917,0,,,,50,,23.0,,0,,0,,,,,,50,,,,50,Workers Compensation Specialist
,1,,PICCUser:66,2017-11-22 17:18:33.917,51,,,,1,Pekin Service Office,2017-11-22 17:18:33.917,0,,,,51,,6.0,,0,,0,,,,,,51,,,,51,Claim Manager
,1,,PICCUser:67,2017-11-22 17:18:33.917,52,,,,1,Pekin Service Office,2017-11-22 17:18:33.917,0,,,,52,,6.0,,0,,0,,,,,,52,,,,52,Claim Manager
,1,,PICCUser:68,2017-11-22 17:18:33.917,53,,,,1,Indianapolis Service Office,2017-11-22 17:18:33.917,0,,,,53,,18.0,,0,,0,,,,,,53,,,,53,Senior Adjuster
,1,,PICCUser:70,2017-11-22 17:18:33.917,54,,,,1,Phoenix Service Office,2017-11-22 17:18:33.917,0,,,,54,,4.0,,0,,0,,,,,,54,,,,54,Adjuster
,1,,PICCUser:71,2017-11-22 17:18:33.917,55,,,,1,Pekin Service Office,2018-08-06 19:06:22.597,0,,,,55,,26.0,,1,,0,,,,3.0,,55,,,,55,Workers Compensation Manager
,1,,PICCUser:72,2017-11-22 17:18:33.917,56,,,,1,Ansr,2017-11-22 17:18:33.917,1,,,,56,,,,0,,0,,,,,,56,,,,56,Clerical
,1,,PICCUser:73,2017-11-22 17:18:33.917,57,,,,1,Rockford Service Office,2017-11-22 17:18:33.917,0,,,,57,,4.0,,0,,0,,,,,,57,,,,57,Adjuster
,1,,PICCUser:74,2017-11-22 17:18:33.917,58,,,,1,Mt. Vernon Service Office,2017-11-22 17:18:33.917,0,,,,58,,18.0,,0,,0,,,,,,58,,,,58,Senior Adjuster
,1,,PICCUser:75,2017-11-22 17:18:33.917,59,,,,1,Pekin Service Office,2017-11-22 17:18:33.917,0,,,,59,,29.0,,0,,0,,,,,,59,,,,59,Call Center Representative
,1,,PICCUser:77,2017-11-22 17:18:33.917,60,,,,1,Pekin Service Office,2017-11-22 17:18:33.917,0,,,,60,,29.0,,0,,0,,,,,,60,,,,60,Claim Support II
,1,,PICCUser:78,2017-11-22 17:18:33.917,61,,,,1,Columbus Service Office,2017-11-22 17:18:33.917,0,,,,61,,4.0,,0,,0,,,,,,61,,,,61,Adjuster
,1,,PICCUser:79,2017-11-22 17:18:33.917,62,,,,1,Metro Service Office,2017-11-22 17:18:33.917,0,,,,62,,17.0,,0,,0,,,,,,62,,,,62,Regional Claim Manager
,1,,PICCUser:81,2017-11-22 17:18:33.917,63,,,,1,Pekin Service Office,2017-11-22 17:18:33.917,0,,,,63,,,,0,,0,,,,,,63,,,,63,Quality Control Specialist
,1,,PICCUser:82,2017-11-22 17:18:33.917,64,,,,1,Pekin Service Office,2017-11-22 17:18:33.917,0,,,,64,,29.0,,0,,0,,,,,,64,,,,64,Claim Support I
,1,,PICCUser:83,2017-11-22 17:18:33.917,65,,,,1,Pekin Service Office,2017-11-22 17:18:33.917,0,,,,65,,18.0,,0,,0,,,,,,65,,,,65,Senior Adjuster
,1,,PICCUser:84,2017-11-22 17:18:33.917,66,,,,1,Indianapolis Service Office,2017-11-22 17:18:33.917,0,,,,66,,4.0,,0,,0,,,,,,66,,,,66,Adjuster
,1,,PICCUser:85,2017-11-22 17:18:33.917,67,,,,1,Columbus Service Office,2017-11-22 17:18:33.917,0,,,,67,,4.0,,0,,0,,,,,,67,,,,67,Adjuster
,1,,PICCUser:87,2017-11-22 17:18:33.917,68,,,,1,Des Moines Service Office,2017-11-22 17:18:33.917,0,,,,68,,18.0,,0,,0,,,,,,68,,,,68,Senior Adjuster
,1,,PICCUser:89,2017-11-22 17:18:33.917,69,,,,1,Des Moines Service Office,2017-11-22 17:18:33.917,0,,,,69,,29.0,,0,,0,,,,,,69,,,,69,Claim Support I
,1,,PICCUser:90,2017-11-22 17:18:33.917,70,,,,1,Columbus Service Office,2017-11-22 17:18:33.917,0,,,,70,,4.0,,0,,0,,,,,,70,,,,70,Adjuster
,1,,PICCUser:91,2017-11-22 17:18:33.917,71,,,,1,Phoenix Service Office,2017-11-22 17:18:33.917,0,,,,71,,18.0,,0,,0,,,,,,71,,,,71,Senior Adjuster
,1,,PICCUser:92,2017-11-22 17:18:33.917,72,,,,1,Pekin Service Office,2017-11-22 17:18:33.917,0,,,,72,,29.0,,0,,0,,,,,,72,,,,72,Claim Support III
,1,,PICCUser:93,2017-11-22 17:18:33.917,73,,,,1,Pekin Service Office,2017-11-22 17:18:33.917,0,,,,73,,29.0,,0,,0,,,,,,73,,,,73,Claim Support II
,1,,PICCUser:96,2017-11-22 17:18:33.917,74,,,,1,Pekin Service Office,2017-11-22 17:18:33.917,0,,,,74,,,,0,,0,,,,,,74,,,,74,Quality Control Manager
,1,,PICCUser:97,2017-11-22 17:18:33.917,75,,,,1,Pekin Service Office,2017-11-22 17:18:33.917,0,,,,75,,29.0,,0,,0,,,,,,75,,,,75,Claim Support III
,1,,PICCUser:99,2017-11-22 17:18:33.917,76,,,,1,Ansr,2017-11-22 17:18:33.917,1,,,,76,,20.0,,0,,0,,,,,,76,,,,76,Subrogation Specialist
,1,,PICCUser:100,2017-11-22 17:18:33.917,77,,,,1,Pekin Service Office,2017-11-22 17:18:33.917,0,,,,77,,29.0,,0,,0,,,,,,77,,,,77,Call Center Representative
,1,,PICCUser:101,2017-11-22 17:18:33.917,78,,,,1,Ansr,2017-11-22 17:18:33.917,1,,,,78,,20.0,,0,,0,,,,,,78,,,,78,Subrogation Specialist
,1,,PICCUser:102,2017-11-22 17:18:33.917,79,,,,1,Ansr,2017-11-22 17:18:33.917,1,,,,79,,20.0,,0,,0,,,,,,79,,,,79,Subrogation Specialist
,1,,PICCUser:104,2017-11-22 17:18:33.917,80,,,,1,Pekin Service Office,2017-11-22 17:18:33.917,0,,,,80,,10.0,,0,,0,,,,,,80,,,,80,Commercial Lines Claim Representative I
,1,,PICCUser:105,2017-11-22 17:18:33.917,81,,,,1,Pekin Service Office,2017-11-22 17:18:33.917,0,,,,81,,23.0,,0,,0,,,,,,81,,,,81,Workers Compensation Specialist
,1,,PICCUser:107,2017-11-22 17:18:33.917,82,,,,1,Pekin Service Office,2017-11-22 17:18:33.917,0,,,,82,,11.0,,0,,0,,,,,,82,,,,82,Director of Claims
,1,,PICCUser:108,2017-11-22 17:18:33.917,83,,,,1,Pekin Service Office,2017-11-22 17:18:33.917,0,,,,83,,,,0,,0,,,,,,83,,,,83,Quality Control Specialist
,1,,PICCUser:109,2017-11-22 17:18:33.917,84,,,,1,Pekin Service Office,2017-11-22 17:18:33.917,0,,,,84,,18.0,,0,,0,,,,,,84,,,,84,SIU Specialist
,1,,PICCUser:110,2017-11-22 17:18:33.917,85,,,,1,Pekin Service Office,2017-11-22 17:18:33.917,0,,,,85,,14.0,,0,,0,,,,,,85,,,,85,Personal Lines Claim Representative I
,1,,PICCUser:112,2017-11-22 17:18:33.917,86,,,,1,Des Moines Service Office,2017-11-22 17:18:33.917,0,,,,86,,4.0,,0,,0,,,,,,86,,,,86,Adjuster
,1,,PICCUser:113,2017-11-22 17:18:33.917,87,,,,1,Mt. Vernon Service Office,2017-11-22 17:18:33.917,0,,,,87,,4.0,,0,,0,,,,,,87,,,,87,Adjuster
,1,,PICCUser:114,2017-11-22 17:18:33.917,88,,,,1,Ansr,2017-11-22 17:18:33.917,1,,,,88,,,,0,,0,,,,,,88,,,,88,Manager
,1,,PICCUser:115,2017-11-22 17:18:33.917,89,,,,1,Pekin Service Office,2017-11-22 17:18:33.917,0,,,,89,,29.0,,0,,0,,,,,,89,,,,89,Claim Administrative Assistant
,1,,PICCUser:116,2017-11-22 17:18:33.917,90,,,,1,Appleton Service Office,2017-11-22 17:18:33.917,0,,,,90,,4.0,,0,,0,,,,,,90,,,,90,Adjuster
,1,,PICCUser:117,2017-11-22 17:18:33.917,91,,,,1,Indianapolis Service Office,2017-11-22 17:18:33.917,0,,,,91,,17.0,,0,,0,,,,,,91,,,,91,Regional Claim Manager
,1,,PICCUser:119,2017-11-22 17:18:33.917,92,,,,1,Pekin Service Office,2017-11-22 17:18:33.917,0,,,,92,,29.0,,0,,0,,,,,,92,,,,92,Claim Support III
,1,,PICCUser:120,2017-11-22 17:18:33.917,93,,,,1,Pekin Service Office,2017-11-22 17:18:33.917,0,,,,93,,14.0,,0,,0,,,,,,93,,,,93,Personal Lines Claim Representative I
,1,,PICCUser:121,2017-11-22 17:18:33.917,94,,,,1,Metro Service Office,2017-11-22 17:18:33.917,0,,,,94,,4.0,,0,,0,,,,,,94,,,,94,Adjuster
,1,,PICCUser:122,2017-11-22 17:18:33.917,95,,,,1,Pekin Service Office,2017-11-22 17:18:33.917,0,,,,95,,18.0,,0,,0,,,,,,95,,,,95,Senior Adjuster
,1,,PICCUser:123,2017-11-22 17:18:33.917,96,,,,1,Phoenix Service Office,2017-11-22 17:18:33.917,0,,,,96,,29.0,,0,,0,,,,,,96,,,,96,Claim Support I
,1,,PICCUser:124,2017-11-22 17:18:33.917,97,,,,1,Indianapolis Service Office,2017-11-22 17:18:33.917,0,,,,97,,18.0,,0,,0,,,,,,97,,,,97,Senior Adjuster
,1,,PICCUser:127,2017-11-22 17:18:33.917,98,,,,1,Pekin Service Office,2017-11-22 17:18:33.917,0,,,,98,,29.0,,0,,0,,,,,,98,,,,98,Claim Services Administrator
,1,,PICCUser:128,2017-11-22 17:18:33.917,99,,,,1,Pekin Service Office,2017-11-22 17:18:33.917,0,,,,99,,12.0,,0,,0,,,,,,99,,,,99,Litigation Specialist
,1,,PICCUser:130,2017-11-22 17:18:33.917,100,,,,1,Columbus Service Office,2017-11-22 17:18:33.917,0,,,,100,,4.0,,0,,0,,,,,,100,,,,100,Adjuster
,1,,PICCUser:131,2017-11-22 17:18:33.917,101,,,,1,Pekin Service Office,2017-11-22 17:18:33.917,0,,,,101,,20.0,,0,,0,,,,,,101,,,,101,Subrogation Specialist
,1,,PICCUser:132,2017-11-22 17:18:33.917,102,,,,1,Appleton Service Office,2017-11-22 17:18:33.917,0,,,,102,,29.0,,0,,0,,,,,,102,,,,102,Claim Support II
,1,,PICCUser:135,2017-11-22 17:18:33.917,103,,,,1,Pekin Service Office,2017-11-22 17:18:33.917,0,,,,103,,29.0,,0,,0,,,,,,103,,,,103,Claim Support II
,1,,PICCUser:136,2017-11-22 17:18:33.917,104,,,,1,Ansr,2017-11-22 17:18:33.917,1,,,,104,,20.0,,0,,0,,,,,,104,,,,104,Subrogation Specialist
,1,,PICCUser:137,2017-11-22 17:18:33.917,105,,,,1,Ansr,2017-11-22 17:18:33.917,1,,,,105,,20.0,,0,,0,,,,,,105,,,,105,Subrogation Specialist
,1,,PICCUser:138,2017-11-22 17:18:33.917,106,,,,1,Pekin Service Office,2017-11-22 17:18:33.917,0,,,,106,,14.0,,0,,0,,,,,,106,,,,106,Personal Lines Claim Representative I
,1,,PICCUser:139,2017-11-22 17:18:33.917,107,,,,1,Pekin Service Office,2017-11-22 17:18:33.917,0,,,,107,,18.0,,0,,0,,,,,,107,,,,107,Senior Adjuster
,1,,PICCUser:141,2017-11-22 17:18:33.917,108,,,,1,Mt. Vernon Service Office,2017-11-22 17:18:33.917,0,,,,108,,18.0,,0,,0,,,,,,108,,,,108,Senior Adjuster
,1,,PICCUser:142,2017-11-22 17:18:33.917,109,,,,1,Indianapolis Service Office,2017-11-22 17:18:33.917,0,,,,109,,18.0,,0,,0,,,,,,109,,,,109,Senior Adjuster
,1,,PICCUser:143,2017-11-22 17:18:33.917,110,,,,1,Des Moines Service Office,2017-11-22 17:18:33.917,0,,,,110,,4.0,,0,,0,,,,,,110,,,,110,Adjuster
,1,,PICCUser:144,2017-11-22 17:18:33.917,111,,,,1,Appleton Service Office,2017-11-22 17:18:33.917,0,,,,111,,17.0,,0,,0,,,,,,111,,,,111,Regional Claim Manager
,1,,PICCUser:145,2017-11-22 17:18:33.917,112,,,,1,Pekin Service Office,2017-11-22 17:18:33.917,0,,,,112,,4.0,,0,,0,,,,,,112,,,,112,Adjuster
,1,,PICCUser:146,2017-11-22 17:18:33.917,113,,,,1,Indianapolis Service Office,2017-11-22 17:18:33.917,0,,,,113,,18.0,,0,,0,,,,,,113,,,,113,Senior Adjuster
,1,,PICCUser:147,2017-11-22 17:18:33.917,114,,,,1,Indianapolis Service Office,2017-11-22 17:18:33.917,0,,,,114,,29.0,,0,,0,,,,,,114,,,,114,Claim Support II
,1,,PICCUser:148,2017-11-22 17:18:33.917,115,,,,1,Pekin Service Office,2018-09-17 11:29:56.870,0,,,,115,,14.0,,1,,0,,,,3.0,,115,,,,115,Personal Lines Claim Representative I
,1,,PICCUser:149,2017-11-22 17:18:33.917,116,,,,1,Ansr,2017-11-22 17:18:33.917,1,,,,116,,,,0,,0,,,,,,116,,,,116,Clerical
,1,,PICCUser:150,2017-11-22 17:18:33.917,117,,,,1,Pekin Service Office,2017-11-22 17:18:33.917,0,,,,117,,29.0,,0,,0,,,,,,117,,,,117,Claim Support II
,1,,PICCUser:151,2017-11-22 17:18:33.917,118,,,,1,Pekin Service Office,2017-11-22 17:18:33.917,0,,,,118,,14.0,,0,,0,,,,,,118,,,,118,Personal Lines Claim Representative II
,1,,PICCUser:152,2017-11-22 17:18:33.917,119,,,,1,Pekin Service Office,2017-11-22 17:18:33.917,0,,,,119,,10.0,,0,,0,,,,,,119,,,,119,Commercial Lines Claim Representative I
,1,,PICCUser:153,2017-11-22 17:18:33.917,120,,,,1,Columbus Service Office,2017-11-22 17:18:33.917,0,,,,120,,18.0,,0,,0,,,,,,120,,,,120,Senior Adjuster
,1,,PICCUser:154,2017-11-22 17:18:33.917,121,,,,1,Information Technology,2017-11-22 17:18:33.917,0,,,,121,,,,0,,0,,,,,,121,,,,121,Software Engineer II
,1,,PICCUser:155,2017-11-22 17:18:33.917,122,,,,1,Des Moines Service Office,2017-11-22 17:18:33.917,0,,,,122,,4.0,,0,,0,,,,,,122,,,,122,Adjuster
,1,,PICCUser:156,2017-11-22 17:18:33.917,123,,,,1,Pekin Service Office,2017-11-22 17:18:33.917,0,,,,123,,23.0,,0,,0,,,,,,123,,,,123,Workers Compensation Specialist
,1,,PICCUser:157,2017-11-22 17:18:33.917,124,,,,1,Pekin Service Office,2017-11-22 17:18:33.917,0,,,,124,,17.0,,0,,0,,,,,,124,,,,124,Regional Claim Manager
,1,,PICCUser:159,2017-11-22 17:18:33.917,125,,,,1,Pekin Service Office,2017-11-22 17:18:33.917,0,,,,125,,12.0,,0,,0,,,,,,125,,,,125,Litigation Specialist
,1,,PICCUser:161,2017-11-22 17:18:33.917,126,,,,1,Ansr,2017-11-22 17:18:33.917,1,,,,126,,,,0,,0,,,,,,126,,,,126,Clerical
,1,,PICCUser:162,2017-11-22 17:18:33.917,127,,,,1,Pekin Service Office,2017-11-22 17:18:33.917,0,,,,127,,25.0,,0,,0,,,,,,127,,,,127,Commercial Lines Claim Representative II
,1,,PICCUser:163,2017-11-22 17:18:33.917,128,,,,1,Pekin Service Office,2017-11-22 17:18:33.917,0,,,,128,,7.0,,0,,0,,,,,,128,,,,128,Claim Manager
,1,,PICCUser:164,2017-11-22 17:18:33.917,129,,,,1,Mt. Vernon Service Office,2017-11-22 17:18:33.917,0,,,,129,,4.0,,0,,0,,,,,,129,,,,129,Adjuster
,1,,PICCUser:165,2017-11-22 17:18:33.917,130,,,,1,Pekin Service Office,2017-11-22 17:18:33.917,0,,,,130,,11.0,,0,,0,,,,,,130,,,,130,Director of Claims
,1,,PICCUser:166,2017-11-22 17:18:33.917,131,,,,1,Ansr,2017-11-22 17:18:33.917,1,,,,131,,20.0,,0,,0,,,,,,131,,,,131,Subrogation Specialist
,1,,PICCUser:167,2017-11-22 17:18:33.917,132,,,,1,Pekin Service Office,2017-11-22 17:18:33.917,0,,,,132,,11.0,,0,,0,,,,,,132,,,,132,Director of Claims
,1,,PICCUser:170,2017-11-22 17:18:33.917,133,,,,1,Pekin Service Office,2017-11-22 17:18:33.917,0,,,,133,,,,0,,0,,,,,,133,,,,133,Quality Control Specialist
,1,,PICCUser:171,2017-11-22 17:18:33.917,134,,,,1,Pekin Service Office,2017-11-22 17:18:33.917,0,,,,134,,4.0,,0,,0,,,,,,134,,,,134,Adjuster
,1,,PICCUser:173,2017-11-22 17:18:33.917,135,,,,1,Pekin Service Office,2017-11-22 17:18:33.917,0,,,,135,,,,0,,0,,,,,,135,,,,135,Quality Control Specialist
,1,,PICCUser:175,2017-11-22 17:18:33.917,136,,,,1,Appleton Service Office,2017-11-22 17:18:33.917,0,,,,136,,18.0,,0,,0,,,,,,136,,,,136,Senior Adjuster
,1,,PICCUser:176,2017-11-22 17:18:33.917,137,,,,1,Pekin Service Office,2017-11-22 17:18:33.917,0,,,,137,,15.0,,0,,0,,,,,,137,,,,137,Personal Lines Claim Representative II
,1,,PICCUser:177,2017-11-22 17:18:33.917,138,,,,1,Pekin Service Office,2017-11-22 17:18:33.917,0,,,,138,,6.0,,0,,0,,,,,,138,,,,138,Claim Manager
,1,,PICCUser:178,2017-11-22 17:18:33.917,139,,,,1,Columbus Service Office,2017-11-22 17:18:33.917,0,,,,139,,4.0,,0,,0,,,,,,139,,,,139,Adjuster
,1,,PICCUser:180,2017-11-22 17:18:33.917,140,,,,1,Rockford Service Office,2017-11-22 17:18:33.917,0,,,,140,,29.0,,0,,0,,,,,,140,,,,140,Claim Support III
,1,,PICCUser:181,2017-11-22 17:18:33.917,141,,,,1,Indianapolis Service Office,2017-11-22 17:18:33.917,0,,,,141,,4.0,,0,,0,,,,,,141,,,,141,Adjuster
,1,,PICCUser:184,2017-11-22 17:18:33.917,142,,,,1,Pekin Service Office,2017-11-22 17:18:33.917,0,,,,142,,15.0,,0,,0,,,,,,142,,,,142,Personal Lines Claim Representative II
,1,,PICCUser:185,2017-11-22 17:18:33.917,143,,,,1,Mt. Vernon Service Office,2017-11-22 17:18:33.917,0,,,,143,,17.0,,0,,0,,,,,,143,,,,143,Regional Claim Manager
,1,,PICCUser:186,2017-11-22 17:18:33.917,144,,,,1,Phoenix Service Office,2018-08-22 20:34:26.923,0,,,,144,,6.0,,3,,0,,,,3.0,,144,,,,144,Regional Claim Manager
,1,,PICCUser:188,2017-11-22 17:18:33.917,145,,,,1,Pekin Service Office,2017-11-22 17:18:33.917,0,,,,145,,16.0,,0,,0,,,,,,145,,,,145,Physical Damage Specialist
,1,,PICCUser:189,2017-11-22 17:18:33.917,146,,,,1,Pekin Service Office,2018-09-04 12:33:49.704,0,,,,146,,23.0,,1,,0,,,,3.0,,146,,,,146,Workers Compensation Specialist
,1,,PICCUser:190,2017-11-22 17:18:33.917,147,,,,1,Ansr,2017-11-22 17:18:33.917,1,,,,147,,20.0,,0,,0,,,,,,147,,,,147,Subrogation Specialist
,1,,PICCUser:191,2017-11-22 17:18:33.917,148,,,,1,Phoenix Service Office,2017-11-22 17:18:33.917,0,,,,148,,4.0,,0,,0,,,,,,148,,,,148,Adjuster
,1,,PICCUser:192,2017-11-22 17:18:33.917,149,,,,1,Des Moines Service Office,2017-11-22 17:18:33.917,0,,,,149,,18.0,,0,,0,,,,,,149,,,,149,Senior Adjuster
,1,,PICCUser:193,2017-11-22 17:18:33.917,150,,,,1,Metro Service Office,2017-11-22 17:18:33.917,0,,,,150,,4.0,,0,,0,,,,,,150,,,,150,Adjuster
,1,,PICCUser:194,2017-11-22 17:18:33.917,151,,,,1,Pekin Service Office,2017-11-22 17:18:33.917,0,,,,151,,29.0,,0,,0,,,,,,151,,,,151,Claim Support III
,1,,PICCUser:195,2017-11-22 17:18:33.917,152,,,,1,Phoenix Service Office,2017-11-22 17:18:33.917,0,,,,152,,4.0,,0,,0,,,,,,152,,,,152,Adjuster
,1,,PICCUser:196,2017-11-22 17:18:33.917,153,,,,1,Columbus Service Office,2017-11-22 17:18:33.917,0,,,,153,,4.0,,0,,0,,,,,,153,,,,153,Adjuster
,1,,PICCUser:197,2017-11-22 17:18:33.917,154,,,,1,Des Moines Service Office,2017-11-22 17:18:33.917,0,,,,154,,17.0,,0,,0,,,,,,154,,,,154,Regional Claim Manager
,1,,PICCUser:198,2017-11-22 17:18:33.917,155,,,,1,Pekin Service Office,2017-11-22 17:18:33.917,0,,,,155,,,,0,,0,,,,,,155,,,,155,Quality Control Specialist
,1,,PICCUser:200,2017-11-22 17:18:33.917,156,,,,1,Pekin Service Office,2017-11-22 17:18:33.917,0,,,,156,,18.0,,0,,0,,,,,,156,,,,156,Senior Adjuster
,1,,PICCUser:202,2017-11-22 17:18:33.917,157,,,,1,Metro Service Office,2017-11-22 17:18:33.917,0,,,,157,,18.0,,0,,0,,,,,,157,,,,157,Senior Adjuster
,1,,PICCUser:203,2017-11-22 17:18:33.917,158,,,,1,Pekin Service Office,2017-11-22 17:18:33.917,0,,,,158,,8.0,,0,,0,,,,,,158,,,,158,Claim Recovery Specialist
,1,,PICCUser:204,2017-11-22 17:18:33.917,159,,,,1,Rockford Service Office,2017-11-22 17:18:33.917,0,,,,159,,17.0,,0,,0,,,,,,159,,,,159,Regional Claim Manager
,1,,PICCUser:205,2017-11-22 17:18:33.917,160,,,,1,Pekin Service Office,2017-11-22 17:18:33.917,0,,,,160,,14.0,,0,,0,,,,,,160,,,,160,Personal Lines Claim Representative I
,1,,PICCUser:206,2017-11-22 17:18:33.917,161,,,,1,Pekin Service Office,2017-11-22 17:18:33.917,0,,,,161,,23.0,,0,,0,,,,,,161,,,,161,Workers Compensation Specialist
,1,,PICCUser:352,2017-11-22 17:18:33.917,267,,,,1,Pekin Service Office,2017-11-22 17:18:33.917,0,,,,267,,29.0,,0,,0,,,,,,267,,,,267,Call Center Representative
,1,,PICCUser:353,2017-11-22 17:18:33.917,268,,,,1,Pekin Service Office,2017-11-22 17:18:33.917,0,,,,268,,12.0,,0,,0,,,,,,268,,,,268,Claim Litigation Management Auditor
,1,,PICCUser:354,2017-11-22 17:18:33.917,269,,,,1,Pekin Service Office,2017-11-22 17:18:33.917,0,,,,269,,29.0,,0,,0,,,,,,269,,,,269,Claim Business Analyst II
,1,,PICCUser:355,2017-11-22 17:18:33.917,270,,,,1,Pekin Service Office,2017-11-22 17:18:33.917,0,,,,270,,9.0,,0,,0,,,,,,270,,,,270,Adjuster (Trainee)
,1,,PICCUser:356,2017-11-22 17:18:33.917,271,,,,1,Metro Service Office,2017-11-22 17:18:33.917,0,,,,271,,12.0,,0,,0,,,,,,271,,,,271,Litigation Specialist
,1,,PICCUser:357,2017-11-22 17:18:33.917,272,,,,1,Pekin Service Office,2017-11-22 17:18:33.917,0,,,,272,,9.0,,0,,0,,,,,,272,,,,272,Adjuster (Trainee)
,1,,PICCUser:358,2017-11-22 17:18:33.917,273,,,,1,Pekin Service Office,2017-11-22 17:18:33.917,0,,,,273,,29.0,,0,,0,,,,,,273,,,,273,Claim Support I
,1,,PICCUser:359,2017-11-22 17:18:33.917,274,,,,1,Pekin Service Office,2017-11-22 17:18:33.917,0,,,,274,,23.0,,0,,0,,,,,,274,,,,274,Workers Compensation Specialist (Temp)
,1,,PICCUser:360,2017-11-22 17:18:33.917,275,,,,1,,2017-11-22 17:18:33.917,1,,,,275,,,,0,,0,,,,,,275,,,,275,Deloitte Mule
,1,,PICCUser:361,2017-11-22 17:18:33.917,276,,,,1,,2017-11-22 17:18:33.917,1,,,,276,,,,0,,0,,,,,,276,,,,276,GW Insuite
,1,,PICCUser:362,2017-11-22 17:18:33.917,277,,,,1,Pekin Service Office,2017-11-22 17:18:33.917,0,,,,277,,29.0,,0,,0,,,,,,277,,,,277,Call Center Representative
,1,,PICCUser:363,2017-11-22 17:18:33.917,278,,,,1,,2017-11-22 17:18:33.917,1,,,,278,,,,0,,0,,,,,,278,,,,278,Deloitte Mule
,1,,PICCUser:364,2017-11-22 17:18:33.917,279,,,,1,,2017-11-22 17:18:33.917,1,,,,279,,,,0,,0,,,,,,279,,,,279,Deloitte Mule
,1,,cc:303,2018-01-23 13:00:26.212,303,,,,1,,2018-01-23 13:00:26.212,0,10001.0,,8.0,303,,,3.0,0,,0,235.0,,,3.0,,303,,10001.0,,303,
,1,,cc:304,2018-01-23 13:03:26.939,304,,,,1,,2018-01-23 13:03:26.939,0,10001.0,,8.0,304,,,3.0,0,,0,235.0,,,3.0,,304,,10001.0,,304,
,1,,cc:305,2018-01-23 13:04:07.102,305,,,,1,,2018-01-23 13:04:07.102,0,10001.0,,8.0,305,,,3.0,0,,0,235.0,,,3.0,,305,,10001.0,,305,
,1,,cc:306,2018-01-23 13:04:54.444,306,,,,1,,2018-01-23 13:04:54.444,0,10001.0,,8.0,306,,,3.0,0,,0,235.0,,,3.0,,306,,10001.0,,306,
,1,,cc:403,2018-04-27 09:27:15.235,403,,,,1,,2018-04-27 09:27:15.235,0,10001.0,,8.0,403,,6.0,3.0,0,,0,235.0,,,3.0,,403,,10001.0,,6144,
,1,,cc:503,2018-06-20 08:46:25.896,503,,,,1,,2018-06-20 08:46:25.896,0,10001.0,,8.0,503,,101.0,3.0,0,,0,235.0,,,3.0,,503,,10001.0,,9436,
,1,,cc:603,2018-08-09 17:32:00.913,603,,,,1,,2018-08-09 17:32:00.913,0,10001.0,,8.0,603,,401.0,3.0,0,,0,235.0,,,3.0,,603,,10001.0,,13654,
,1,,cc:604,2018-08-09 20:46:02.399,604,,,,1,,2018-08-09 20:46:02.399,0,10001.0,,8.0,604,,18.0,603.0,0,,0,235.0,,,603.0,,604,,10001.0,,13663,
,1,,cc:605,2018-08-09 20:47:52.792,605,,,,1,,2018-08-09 20:47:52.792,0,10001.0,,8.0,605,,18.0,603.0,0,,0,235.0,,,603.0,,605,,10001.0,,13664,
,1,,cc:606,2018-08-09 20:49:28.402,606,,,,1,,2018-08-09 20:49:28.402,0,10001.0,,8.0,606,,18.0,603.0,0,,0,235.0,,,603.0,,606,,10001.0,,13665,
,1,,cc:607,2018-08-09 20:51:16.574,607,,,,1,,2018-08-09 20:51:16.574,0,10001.0,,8.0,607,,18.0,603.0,0,,0,235.0,,,603.0,,607,,10001.0,,13666,
,1,,cc:608,2018-08-09 20:52:56.077,608,,,,1,,2018-08-09 20:52:56.077,0,10001.0,,8.0,608,,18.0,603.0,0,,0,235.0,,,603.0,,608,,10001.0,,13667,
,1,,cc:609,2018-08-09 20:54:22.884,609,,,,1,,2018-08-09 20:54:22.884,0,10001.0,,8.0,609,,18.0,603.0,0,,0,235.0,,,603.0,,609,,10001.0,,13668,
,1,,cc:703,2018-08-30 16:15:57.192,703,,,,1,,2018-08-30 16:15:57.192,0,10001.0,,8.0,703,,,3.0,0,,0,235.0,,,3.0,,703,,10001.0,,16017,
,1,,cc:807,2018-09-27 07:13:07.224,807,,,,1,,2018-09-27 07:15:05.341,0,10001.0,,8.0,807,,,3.0,1,,807,235.0,,,3.0,,807,,10001.0,,19936,
